{"crs":{"properties":{"name":"urn:ogc:def:crs:OGC:1.3:CRS84"},"type":"name"},"features":[{"geometry":{"coordinates":[[-74.29823,7.91718],[-74.29714,7.91783],[-74.29606,7.91719],[-74.29545,7.91728],[-74.295,7.91651],[-74.29414,7.91643],[-74.29464,7.91603],[-74.29423,7.91486],[-74.29305,7.91393],[-74.29335,7.9128],[-74.29271,7.91201],[-74.29232,7.91197],[-74.29206,7.91095],[-74.29152,7.91089],[-74.2906,7.91229],[-74.29009,7.91242],[-74.28962,7.91165],[-74.28914,7.91163],[-74.28886,7.91216],[-74.28839,7.91203],[-74.28839,7.91012],[-74.28773,7.90974],[-74.28719,7.90874],[-74.28715,7.90768],[-74.28537,7.90525],[-74.28519,7.90432],[-74.28406,7.90309],[-74.28419,7.90079],[-74.28374,7.89996],[-74.28318,7.89981],[-74.28223,7.9002],[-74.28208,7.9],[-74.28208,7.89901],[-74.28268,7.89811],[-74.28208,7.89775],[-74.28163,7.89658],[-74.28118,7.89643],[-74.28185,7.89418],[-74.27962,7.89242],[-74.27846,7.89318],[-74.27805,7.89231],[-74.27783,7.89254],[-74.27803,7.89293],[-74.2773,7.89322],[-74.27683,7.89223],[-74.27689,7.89154],[-74.27462,7.89108],[-74.27414,7.89169],[-74.27344,7.89114],[-74.27292,7.89001],[-74.27307,7.89174],[-74.27264,7.89212],[-74.27189,7.8922],[-74.27146,7.89129],[-74.27047,7.89063],[-74.27058,7.89099],[-74.2702,7.89161],[-74.26972,7.89159],[-74.26942,7.89195],[-74.2682,7.89191],[-74.26784,7.89157],[-74.26706,7.89176],[-74.26614,7.89116],[-74.26502,7.89154],[-74.2644,7.89125],[-74.26308,7.88898],[-74.26218,7.88892],[-74.26129,7.88799],[-74.25965,7.88765],[-74.25952,7.88672],[-74.25878,7.88641],[-74.2581,7.8853],[-74.2581,7.88475],[-74.25736,7.88416],[-74.25758,7.88289],[-74.25699,7.88221],[-74.25601,7.88217],[-74.25544,7.88286],[-74.25554,7.88335],[-74.25392,7.88339],[-74.25318,7.88393],[-74.25257,7.88341],[-74.25136,7.88331],[-74.25037,7.88282],[-74.24931,7.88424],[-74.24879,7.88423],[-74.2486,7.88501],[-74.2477,7.88513],[-74.24705,7.88463],[-74.24544,7.88463],[-74.24458,7.88407],[-74.24399,7.88418],[-74.24387,7.88447],[-74.24267,7.88374],[-74.24138,7.88341]],"type":"LineString"},"properties":{"advertencia":"Cartografía vial de contexto; no acredita transporte, comercialización ni exportación.","caso":"Mina Walter, Alto Caribona","crs_simplificacion_epsg":9377,"fecha_corte":"2026-08-28","fuente":"© OpenStreetMap contributors","fuente_url":"https://www.openstreetmap.org/copyright","highway":"unclassified","nombre":"Vía OSM 257318133","osm_id":257318133,"surface":null,"tipo":"red_vial_contexto","tolerancia_simplificacion_m":20,"vista":"territorio"},"type":"Feature"},{"geometry":{"coordinates":[[-74.29823,7.91718],[-74.29813,7.9152],[-74.29854,7.91505],[-74.29908,7.91312],[-74.30007,7.9122],[-74.30103,7.91206],[-74.30137,7.91239],[-74.30236,7.91208],[-74.30243,7.91174],[-74.30202,7.91118],[-74.30245,7.90984],[-74.30388,7.90851],[-74.30483,7.90698],[-74.30575,7.9063],[-74.30588,7.90476],[-74.30653,7.90418],[-74.30777,7.90438],[-74.30883,7.90348],[-74.30887,7.90322],[-74.30824,7.90266],[-74.30784,7.90265],[-74.30782,7.90219],[-74.30818,7.90195],[-74.30818,7.90068],[-74.30742,7.90035],[-74.30725,7.89996],[-74.30763,7.8995],[-74.30734,7.89908],[-74.30741,7.89819],[-74.30798,7.89773],[-74.30836,7.89665],[-74.30788,7.89643],[-74.30782,7.89566],[-74.30945,7.89393],[-74.3096,7.89329],[-74.30888,7.8914],[-74.31036,7.88959],[-74.31058,7.88835],[-74.31129,7.88801],[-74.31163,7.88661],[-74.31138,7.88593],[-74.31221,7.88436],[-74.312,7.884],[-74.31105,7.88383],[-74.31015,7.88224],[-74.31088,7.88128],[-74.31144,7.87866],[-74.31221,7.87826],[-74.31275,7.87835],[-74.31297,7.87674],[-74.31351,7.87633],[-74.31489,7.87648],[-74.31582,7.87733],[-74.31654,7.87877],[-74.31974,7.87996],[-74.32169,7.88002],[-74.32255,7.88162],[-74.32287,7.88177],[-74.3236,7.88064],[-74.32335,7.8803],[-74.32399,7.87932],[-74.32425,7.87958],[-74.32646,7.87886],[-74.32684,7.87905],[-74.32729,7.88022],[-74.32899,7.88105],[-74.3294,7.88079],[-74.33014,7.88155],[-74.33101,7.88158],[-74.33257,7.88082],[-74.3334,7.88117],[-74.33442,7.88043],[-74.33457,7.87998],[-74.33545,7.87994],[-74.33626,7.87888],[-74.33641,7.87822],[-74.33807,7.87786],[-74.33875,7.87637],[-74.33918,7.87431],[-74.33965,7.8739],[-74.33959,7.87337],[-74.34002,7.87273],[-74.33961,7.87235],[-74.33998,7.87193],[-74.33961,7.87157],[-74.34034,7.86976],[-74.34011,7.86884],[-74.34066,7.86844],[-74.34073,7.86768],[-74.34131,7.86687],[-74.34242,7.86717],[-74.34249,7.86761],[-74.34386,7.8678],[-74.34435,7.86717],[-74.34472,7.86723],[-74.34468,7.86693],[-74.34508,7.86708],[-74.34506,7.86821],[-74.34549,7.86842],[-74.34763,7.86669],[-74.34903,7.86656],[-74.35028,7.86512],[-74.35013,7.86474],[-74.35065,7.86415],[-74.35141,7.86357],[-74.35244,7.86337],[-74.35366,7.86224],[-74.35466,7.86182],[-74.35679,7.86154],[-74.35771,7.86074],[-74.35949,7.86042],[-74.35923,7.85904],[-74.36062,7.85914],[-74.36141,7.85811],[-74.36153,7.85744],[-74.36308,7.85631],[-74.36329,7.85566],[-74.3651,7.85483],[-74.36488,7.85427]],"type":"LineString"},"properties":{"advertencia":"Cartografía vial de contexto; no acredita transporte, comercialización ni exportación.","caso":"Mina Walter, Alto Caribona","crs_simplificacion_epsg":9377,"fecha_corte":"2026-08-28","fuente":"© OpenStreetMap contributors","fuente_url":"https://www.openstreetmap.org/copyright","highway":"unclassified","nombre":"Vía OSM 806232782","osm_id":806232782,"surface":null,"tipo":"red_vial_contexto","tolerancia_simplificacion_m":20,"vista":"territorio"},"type":"Feature"},{"geometry":{"coordinates":[[-74.34411,7.91175],[-74.34324,7.91185],[-74.34304,7.91217],[-74.34289,7.91374],[-74.34117,7.91446],[-74.34064,7.91507],[-74.34062,7.91556],[-74.34004,7.91546],[-74.33915,7.9163],[-74.33794,7.91679],[-74.33769,7.91798],[-74.33809,7.91914],[-74.33776,7.91977],[-74.33662,7.91978],[-74.33575,7.92019],[-74.33534,7.91945],[-74.33272,7.91994],[-74.33219,7.91875],[-74.33038,7.91818],[-74.33023,7.91688],[-74.32955,7.91636],[-74.32866,7.91661],[-74.32757,7.91745],[-74.32707,7.91745],[-74.32643,7.91681],[-74.32504,7.917],[-74.32308,7.91657],[-74.32129,7.91708],[-74.32044,7.91869],[-74.31869,7.91886],[-74.3184,7.91949],[-74.3174,7.91998],[-74.31546,7.92038],[-74.31568,7.92116],[-74.31531,7.92188],[-74.3143,7.92255],[-74.31334,7.92383],[-74.3111,7.92413],[-74.31079,7.92398],[-74.3106,7.92316],[-74.30985,7.92314],[-74.30851,7.92354],[-74.30735,7.92474],[-74.30685,7.92482],[-74.30663,7.9246],[-74.30683,7.92422],[-74.30663,7.92319],[-74.30691,7.92222],[-74.30514,7.92127],[-74.30382,7.92157],[-74.30229,7.9225],[-74.30185,7.92336],[-74.30012,7.92321],[-74.29941,7.92242],[-74.29885,7.92237],[-74.29895,7.92174],[-74.2984,7.92097],[-74.29883,7.92069],[-74.29881,7.9198],[-74.29778,7.91892],[-74.29772,7.91838],[-74.29813,7.91793],[-74.29823,7.91718]],"type":"LineString"},"properties":{"advertencia":"Cartografía vial de contexto; no acredita transporte, comercialización ni exportación.","caso":"Mina Walter, Alto Caribona","crs_simplificacion_epsg":9377,"fecha_corte":"2026-08-28","fuente":"© OpenStreetMap contributors","fuente_url":"https://www.openstreetmap.org/copyright","highway":"unclassified","nombre":"Vía OSM 806232783","osm_id":806232783,"surface":null,"tipo":"red_vial_contexto","tolerancia_simplificacion_m":20,"vista":"territorio"},"type":"Feature"},{"geometry":{"coordinates":[[-74.34793,7.81717],[-74.34618,7.81521],[-74.34499,7.81467]],"type":"LineString"},"properties":{"advertencia":"Cartografía vial de contexto; no acredita transporte, comercialización ni exportación.","caso":"Mina Walter, Alto Caribona","crs_simplificacion_epsg":9377,"fecha_corte":"2026-08-28","fuente":"© OpenStreetMap contributors","fuente_url":"https://www.openstreetmap.org/copyright","highway":"unclassified","nombre":"Vía OSM 806239503","osm_id":806239503,"surface":null,"tipo":"red_vial_contexto","tolerancia_simplificacion_m":20,"vista":"territorio"},"type":"Feature"},{"geometry":{"coordinates":[[-74.31343,7.87636],[-74.31304,7.87573],[-74.31205,7.8751],[-74.31201,7.87409],[-74.31252,7.8739],[-74.31305,7.87289],[-74.31509,7.87225],[-74.31597,7.87269],[-74.31703,7.87212],[-74.31815,7.8707],[-74.31944,7.87027],[-74.32043,7.86938],[-74.32232,7.86844],[-74.32283,7.86651],[-74.3236,7.86591],[-74.32481,7.8657],[-74.32493,7.86427],[-74.3253,7.86362],[-74.32558,7.86372],[-74.3264,7.86298],[-74.32733,7.86301],[-74.32902,7.86053],[-74.32953,7.85873],[-74.33032,7.85739],[-74.33084,7.85543],[-74.33064,7.85475],[-74.33099,7.85405],[-74.33146,7.85367],[-74.33193,7.85384],[-74.33367,7.85286],[-74.3335,7.85241],[-74.3339,7.8522],[-74.33429,7.85137],[-74.33465,7.85139],[-74.33508,7.85086],[-74.33523,7.85016],[-74.33641,7.84923],[-74.33738,7.84914],[-74.33837,7.84952],[-74.33948,7.84899],[-74.34032,7.84761],[-74.34049,7.84531],[-74.34221,7.84455],[-74.3424,7.844],[-74.34234,7.84213],[-74.3427,7.8407],[-74.34227,7.83977],[-74.34259,7.83892],[-74.34317,7.83902],[-74.34345,7.83866],[-74.34463,7.83843],[-74.3447,7.83809],[-74.34525,7.83809],[-74.34504,7.83726],[-74.34545,7.83683],[-74.34628,7.83685],[-74.34691,7.83804],[-74.34729,7.83792],[-74.34826,7.83645],[-74.34777,7.8342],[-74.34781,7.83315],[-74.34691,7.83167],[-74.34644,7.83139],[-74.34676,7.83043],[-74.34631,7.82878],[-74.3462,7.82618],[-74.34742,7.82465],[-74.34854,7.82486],[-74.34912,7.82442],[-74.34972,7.82318],[-74.34933,7.82046],[-74.34811,7.8198],[-74.34796,7.81851],[-74.34728,7.81701],[-74.34787,7.81535],[-74.34811,7.81274],[-74.34854,7.8124]],"type":"LineString"},"properties":{"advertencia":"Cartografía vial de contexto; no acredita transporte, comercialización ni exportación.","caso":"Mina Walter, Alto Caribona","crs_simplificacion_epsg":9377,"fecha_corte":"2026-08-28","fuente":"© OpenStreetMap contributors","fuente_url":"https://www.openstreetmap.org/copyright","highway":"unclassified","nombre":"Vía OSM 806239504","osm_id":806239504,"surface":null,"tipo":"red_vial_contexto","tolerancia_simplificacion_m":20,"vista":"territorio"},"type":"Feature"},{"geometry":{"coordinates":[[-74.44417,7.80288],[-74.4428,7.80307],[-74.44121,7.80259],[-74.43933,7.80478],[-74.43684,7.80465],[-74.43568,7.80327],[-74.4342,7.80284],[-74.43203,7.80312],[-74.43068,7.80076],[-74.43111,7.79967],[-74.42924,7.79731],[-74.42862,7.79801],[-74.42491,7.7971],[-74.42059,7.7998],[-74.41853,7.79859],[-74.41694,7.79636],[-74.4157,7.79595],[-74.4124,7.79629],[-74.40993,7.79436],[-74.4095,7.79344],[-74.40783,7.79332],[-74.40658,7.79415],[-74.40368,7.79264],[-74.40042,7.79472],[-74.39712,7.79527],[-74.39647,7.79489],[-74.39495,7.796],[-74.39394,7.79587],[-74.39313,7.79646],[-74.38892,7.79445],[-74.38223,7.79508],[-74.37914,7.79606],[-74.37637,7.79863],[-74.37484,7.80139],[-74.37289,7.80214],[-74.3704,7.80218],[-74.36976,7.80148],[-74.36834,7.80178],[-74.36626,7.80454],[-74.36193,7.80631],[-74.35804,7.80884],[-74.35581,7.80871],[-74.35377,7.81073],[-74.35124,7.81045],[-74.34998,7.811],[-74.34983,7.81184],[-74.34854,7.8124]],"type":"LineString"},"properties":{"advertencia":"Cartografía vial de contexto; no acredita transporte, comercialización ni exportación.","caso":"Mina Walter, Alto Caribona","crs_simplificacion_epsg":9377,"fecha_corte":"2026-08-28","fuente":"© OpenStreetMap contributors","fuente_url":"https://www.openstreetmap.org/copyright","highway":"unclassified","nombre":"Vía OSM 842026154","osm_id":842026154,"surface":"unpaved","tipo":"red_vial_contexto","tolerancia_simplificacion_m":20,"vista":"territorio"},"type":"Feature"},{"geometry":{"coordinates":[[-74.31201,7.87409],[-74.31088,7.87349],[-74.31047,7.87373],[-74.30978,7.87505],[-74.30814,7.87468],[-74.30756,7.87496],[-74.30619,7.87497],[-74.3056,7.87463],[-74.30544,7.87416],[-74.30453,7.87395],[-74.3037,7.87304],[-74.3022,7.87291],[-74.3014,7.87454],[-74.30087,7.87494],[-74.29998,7.875],[-74.29692,7.87338],[-74.29556,7.87323],[-74.29426,7.87415],[-74.2935,7.87419],[-74.29291,7.87478],[-74.29028,7.87461],[-74.28976,7.87482],[-74.28735,7.87686],[-74.28604,7.87614],[-74.28549,7.87626],[-74.28406,7.87577],[-74.28403,7.87436],[-74.28255,7.87385],[-74.28175,7.87274],[-74.28086,7.87287],[-74.27985,7.87344],[-74.27938,7.87288],[-74.27927,7.87186],[-74.27834,7.87132],[-74.27738,7.87169],[-74.27631,7.87315],[-74.27599,7.87271],[-74.27615,7.87237],[-74.27449,7.87227],[-74.27177,7.87121],[-74.27049,7.8718],[-74.26972,7.87146],[-74.26918,7.87074],[-74.26814,7.87124],[-74.26796,7.87164],[-74.26707,7.87174],[-74.26695,7.87229],[-74.26653,7.87249],[-74.26578,7.87229],[-74.26498,7.87137],[-74.26409,7.87181],[-74.26329,7.87102],[-74.26206,7.87184],[-74.26171,7.87285],[-74.26103,7.87301],[-74.2608,7.87364],[-74.26035,7.87366],[-74.25991,7.87317],[-74.25937,7.87375],[-74.25837,7.87384],[-74.25805,7.8754],[-74.25706,7.87621],[-74.25657,7.87635],[-74.25601,7.87607],[-74.25429,7.87685],[-74.2539,7.87745],[-74.25331,7.87756],[-74.25301,7.87803],[-74.25321,7.87855],[-74.25301,7.87888]],"type":"LineString"},"properties":{"advertencia":"Cartografía vial de contexto; no acredita transporte, comercialización ni exportación.","caso":"Mina Walter, Alto Caribona","crs_simplificacion_epsg":9377,"fecha_corte":"2026-08-28","fuente":"© OpenStreetMap contributors","fuente_url":"https://www.openstreetmap.org/copyright","highway":"unclassified","nombre":"Vía OSM 1032840749","osm_id":1032840749,"surface":null,"tipo":"red_vial_contexto","tolerancia_simplificacion_m":20,"vista":"territorio"},"type":"Feature"},{"geometry":{"coordinates":[[-73.57811,6.16615],[-73.57796,6.1663],[-73.57772,6.16598],[-73.57574,6.16534],[-73.57356,6.16347],[-73.57375,6.16306],[-73.57526,6.16213],[-73.57402,6.16075],[-73.5741,6.16024],[-73.57357,6.15929],[-73.57221,6.15937],[-73.57019,6.15865],[-73.56929,6.15915],[-73.56391,6.15799],[-73.56129,6.15824]],"type":"LineString"},"properties":{"advertencia":"Cartografía vial de contexto; no acredita transporte, comercialización ni exportación.","caso":"Serranía de los Agataes","crs_simplificacion_epsg":9377,"fecha_corte":"2026-08-28","fuente":"© OpenStreetMap contributors","fuente_url":"https://www.openstreetmap.org/copyright","highway":"unclassified","nombre":"Vía OSM 258286476","osm_id":258286476,"surface":"ground","tipo":"red_vial_contexto","tolerancia_simplificacion_m":20,"vista":"territorio"},"type":"Feature"},{"geometry":{"coordinates":[[-73.58243,6.1159],[-73.58826,6.11689],[-73.58939,6.11617],[-73.59146,6.11591]],"type":"LineString"},"properties":{"advertencia":"Cartografía vial de contexto; no acredita transporte, comercialización ni exportación.","caso":"Serranía de los Agataes","crs_simplificacion_epsg":9377,"fecha_corte":"2026-08-28","fuente":"© OpenStreetMap contributors","fuente_url":"https://www.openstreetmap.org/copyright","highway":"unclassified","nombre":"Vía OSM 258289409","osm_id":258289409,"surface":null,"tipo":"red_vial_contexto","tolerancia_simplificacion_m":20,"vista":"territorio"},"type":"Feature"},{"geometry":{"coordinates":[[-73.58332,6.10712],[-73.58488,6.10713],[-73.58516,6.10948],[-73.58548,6.10994],[-73.59091,6.11316],[-73.59146,6.11591]],"type":"LineString"},"properties":{"advertencia":"Cartografía vial de contexto; no acredita transporte, comercialización ni exportación.","caso":"Serranía de los Agataes","crs_simplificacion_epsg":9377,"fecha_corte":"2026-08-28","fuente":"© OpenStreetMap contributors","fuente_url":"https://www.openstreetmap.org/copyright","highway":"unclassified","nombre":"Vía OSM 258289412","osm_id":258289412,"surface":null,"tipo":"red_vial_contexto","tolerancia_simplificacion_m":20,"vista":"territorio"},"type":"Feature"},{"geometry":{"coordinates":[[-73.59146,6.11591],[-73.5959,6.11777],[-73.59603,6.11859],[-73.5964,6.11879],[-73.59668,6.1186],[-73.59677,6.11927],[-73.59751,6.11977],[-73.60153,6.12024],[-73.60298,6.12176],[-73.60392,6.12211],[-73.60396,6.12278],[-73.60475,6.12371],[-73.60591,6.12376],[-73.60653,6.12514],[-73.60763,6.12538],[-73.60879,6.12635],[-73.60904,6.12687],[-73.60843,6.12761],[-73.60771,6.13215]],"type":"LineString"},"properties":{"advertencia":"Cartografía vial de contexto; no acredita transporte, comercialización ni exportación.","caso":"Serranía de los Agataes","crs_simplificacion_epsg":9377,"fecha_corte":"2026-08-28","fuente":"© OpenStreetMap contributors","fuente_url":"https://www.openstreetmap.org/copyright","highway":"unclassified","nombre":"Vía OSM 258290174","osm_id":258290174,"surface":null,"tipo":"red_vial_contexto","tolerancia_simplificacion_m":20,"vista":"territorio"},"type":"Feature"},{"geometry":{"coordinates":[[-73.61967,6.14547],[-73.61544,6.14407],[-73.61211,6.14231],[-73.61058,6.14247],[-73.61039,6.14287],[-73.6095,6.14322],[-73.60767,6.14189]],"type":"LineString"},"properties":{"advertencia":"Cartografía vial de contexto; no acredita transporte, comercialización ni exportación.","caso":"Serranía de los Agataes","crs_simplificacion_epsg":9377,"fecha_corte":"2026-08-28","fuente":"© OpenStreetMap contributors","fuente_url":"https://www.openstreetmap.org/copyright","highway":"unclassified","nombre":"Vía OSM 258290608","osm_id":258290608,"surface":null,"tipo":"red_vial_contexto","tolerancia_simplificacion_m":20,"vista":"territorio"},"type":"Feature"},{"geometry":{"coordinates":[[-73.57286,6.11682],[-73.57418,6.11837],[-73.57638,6.11875],[-73.57793,6.11948],[-73.57823,6.11939],[-73.57876,6.11984],[-73.57926,6.11901],[-73.5807,6.11807],[-73.58205,6.11945],[-73.5826,6.12069],[-73.58418,6.12175],[-73.58455,6.12232],[-73.58686,6.12317],[-73.58743,6.12301],[-73.59054,6.12353],[-73.59291,6.12445],[-73.59567,6.12766],[-73.59652,6.1293],[-73.60023,6.13118],[-73.60042,6.1317],[-73.60211,6.13273],[-73.60306,6.13378]],"type":"LineString"},"properties":{"advertencia":"Cartografía vial de contexto; no acredita transporte, comercialización ni exportación.","caso":"Serranía de los Agataes","crs_simplificacion_epsg":9377,"fecha_corte":"2026-08-28","fuente":"© OpenStreetMap contributors","fuente_url":"https://www.openstreetmap.org/copyright","highway":"unclassified","nombre":"Vía OSM 258291244","osm_id":258291244,"surface":"ground","tipo":"red_vial_contexto","tolerancia_simplificacion_m":20,"vista":"territorio"},"type":"Feature"},{"geometry":{"coordinates":[[-73.60771,6.13215],[-73.61055,6.13363],[-73.61102,6.13353],[-73.61141,6.13249],[-73.61369,6.13245],[-73.61492,6.1321],[-73.61461,6.13103],[-73.61298,6.12921],[-73.61298,6.12878],[-73.61346,6.12855],[-73.61437,6.12909],[-73.61515,6.12899],[-73.61797,6.1272],[-73.6177,6.12589],[-73.61981,6.12465],[-73.62091,6.12439],[-73.62181,6.12485],[-73.62262,6.12486],[-73.6231,6.1236],[-73.62331,6.12144],[-73.62396,6.12115],[-73.62367,6.12051]],"type":"LineString"},"properties":{"advertencia":"Cartografía vial de contexto; no acredita transporte, comercialización ni exportación.","caso":"Serranía de los Agataes","crs_simplificacion_epsg":9377,"fecha_corte":"2026-08-28","fuente":"© OpenStreetMap contributors","fuente_url":"https://www.openstreetmap.org/copyright","highway":"secondary","nombre":"La Paz - Chipatá","osm_id":258291912,"surface":"asphalt","tipo":"red_vial_contexto","tolerancia_simplificacion_m":20,"vista":"territorio"},"type":"Feature"},{"geometry":{"coordinates":[[-73.59707,6.14409],[-73.59769,6.14322],[-73.59834,6.13949],[-73.59961,6.13956],[-73.60126,6.13618],[-73.60173,6.13591]],"type":"LineString"},"properties":{"advertencia":"Cartografía vial de contexto; no acredita transporte, comercialización ni exportación.","caso":"Serranía de los Agataes","crs_simplificacion_epsg":9377,"fecha_corte":"2026-08-28","fuente":"© OpenStreetMap contributors","fuente_url":"https://www.openstreetmap.org/copyright","highway":"secondary","nombre":"La Paz - Chipatá","osm_id":265430557,"surface":"gravel","tipo":"red_vial_contexto","tolerancia_simplificacion_m":20,"vista":"territorio"},"type":"Feature"},{"geometry":{"coordinates":[[-73.60771,6.13215],[-73.60557,6.13318],[-73.60366,6.13334],[-73.60306,6.13378]],"type":"LineString"},"properties":{"advertencia":"Cartografía vial de contexto; no acredita transporte, comercialización ni exportación.","caso":"Serranía de los Agataes","crs_simplificacion_epsg":9377,"fecha_corte":"2026-08-28","fuente":"© OpenStreetMap contributors","fuente_url":"https://www.openstreetmap.org/copyright","highway":"secondary","nombre":"La Paz - Chipatá","osm_id":457278260,"surface":"asphalt","tipo":"red_vial_contexto","tolerancia_simplificacion_m":20,"vista":"territorio"},"type":"Feature"},{"geometry":{"coordinates":[[-73.60173,6.13591],[-73.60236,6.13552],[-73.60306,6.13378]],"type":"LineString"},"properties":{"advertencia":"Cartografía vial de contexto; no acredita transporte, comercialización ni exportación.","caso":"Serranía de los Agataes","crs_simplificacion_epsg":9377,"fecha_corte":"2026-08-28","fuente":"© OpenStreetMap contributors","fuente_url":"https://www.openstreetmap.org/copyright","highway":"secondary","nombre":"La Paz - Chipatá","osm_id":457278285,"surface":"asphalt","tipo":"red_vial_contexto","tolerancia_simplificacion_m":20,"vista":"territorio"},"type":"Feature"},{"geometry":{"coordinates":[[-73.59707,6.14409],[-73.59762,6.14494],[-73.59706,6.14632],[-73.59719,6.14779],[-73.59637,6.14969],[-73.59476,6.1511],[-73.59575,6.1525],[-73.59583,6.15336],[-73.59496,6.15511],[-73.59391,6.15614],[-73.59333,6.15941],[-73.59413,6.1602],[-73.59425,6.16128],[-73.59546,6.16392],[-73.59551,6.1649],[-73.59615,6.16524],[-73.59776,6.16708],[-73.59726,6.16727],[-73.59487,6.16686],[-73.59377,6.16747],[-73.59361,6.16821],[-73.59391,6.16911],[-73.59303,6.16947],[-73.59292,6.17002],[-73.59371,6.1721],[-73.5956,6.17321],[-73.59561,6.17366],[-73.59479,6.17389],[-73.59466,6.17417],[-73.59565,6.175],[-73.59286,6.17661],[-73.59304,6.17803]],"type":"LineString"},"properties":{"advertencia":"Cartografía vial de contexto; no acredita transporte, comercialización ni exportación.","caso":"Serranía de los Agataes","crs_simplificacion_epsg":9377,"fecha_corte":"2026-08-28","fuente":"© OpenStreetMap contributors","fuente_url":"https://www.openstreetmap.org/copyright","highway":"secondary","nombre":"La Paz - Chipatá","osm_id":457280210,"surface":"gravel","tipo":"red_vial_contexto","tolerancia_simplificacion_m":20,"vista":"territorio"},"type":"Feature"},{"geometry":{"coordinates":[[-73.60268,6.13468],[-73.60053,6.13564],[-73.59959,6.13685],[-73.59929,6.13799],[-73.59801,6.13771],[-73.59735,6.13699],[-73.59466,6.1369],[-73.59427,6.13607],[-73.59266,6.13619],[-73.59196,6.13706],[-73.58995,6.13682],[-73.58924,6.13759],[-73.58683,6.13586],[-73.58616,6.1357],[-73.58539,6.13446],[-73.58471,6.1339],[-73.5846,6.13304],[-73.58384,6.13292],[-73.58367,6.13351],[-73.58288,6.13365],[-73.58204,6.13302],[-73.57952,6.1329],[-73.57897,6.1324],[-73.5778,6.13204]],"type":"LineString"},"properties":{"advertencia":"Cartografía vial de contexto; no acredita transporte, comercialización ni exportación.","caso":"Serranía de los Agataes","crs_simplificacion_epsg":9377,"fecha_corte":"2026-08-28","fuente":"© OpenStreetMap contributors","fuente_url":"https://www.openstreetmap.org/copyright","highway":"unclassified","nombre":"Vía Hoyo del aire","osm_id":457283568,"surface":null,"tipo":"red_vial_contexto","tolerancia_simplificacion_m":20,"vista":"territorio"},"type":"Feature"},{"geometry":{"coordinates":[[-73.5907,6.17743],[-73.58978,6.17759]],"type":"LineString"},"properties":{"advertencia":"Cartografía vial de contexto; no acredita transporte, comercialización ni exportación.","caso":"Serranía de los Agataes","crs_simplificacion_epsg":9377,"fecha_corte":"2026-08-28","fuente":"© OpenStreetMap contributors","fuente_url":"https://www.openstreetmap.org/copyright","highway":"secondary","nombre":"Calle 3","osm_id":457285269,"surface":null,"tipo":"red_vial_contexto","tolerancia_simplificacion_m":20,"vista":"territorio"},"type":"Feature"},{"geometry":{"coordinates":[[-73.59204,6.17741],[-73.59141,6.1777]],"type":"LineString"},"properties":{"advertencia":"Cartografía vial de contexto; no acredita transporte, comercialización ni exportación.","caso":"Serranía de los Agataes","crs_simplificacion_epsg":9377,"fecha_corte":"2026-08-28","fuente":"© OpenStreetMap contributors","fuente_url":"https://www.openstreetmap.org/copyright","highway":"residential","nombre":"Calle 4","osm_id":457285334,"surface":null,"tipo":"red_vial_contexto","tolerancia_simplificacion_m":20,"vista":"territorio"},"type":"Feature"},{"geometry":{"coordinates":[[-73.62387,6.1148],[-73.62691,6.11367],[-73.62924,6.11226],[-73.62956,6.11024],[-73.6324,6.10698],[-73.63286,6.10573],[-73.63615,6.10111],[-73.63799,6.09747],[-73.63876,6.09674],[-73.63896,6.09591],[-73.64022,6.09369]],"type":"LineString"},"properties":{"advertencia":"Cartografía vial de contexto; no acredita transporte, comercialización ni exportación.","caso":"Serranía de los Agataes","crs_simplificacion_epsg":9377,"fecha_corte":"2026-08-28","fuente":"© OpenStreetMap contributors","fuente_url":"https://www.openstreetmap.org/copyright","highway":"unclassified","nombre":"Vía OSM 459074427","osm_id":459074427,"surface":null,"tipo":"red_vial_contexto","tolerancia_simplificacion_m":20,"vista":"territorio"},"type":"Feature"},{"geometry":{"coordinates":[[-73.56061,6.17994],[-73.56122,6.18086],[-73.56194,6.1813],[-73.56333,6.18112],[-73.56516,6.18016],[-73.56758,6.17999],[-73.56819,6.17945],[-73.56918,6.17966],[-73.56936,6.17927],[-73.56889,6.17845],[-73.56926,6.17749],[-73.56975,6.17712],[-73.57037,6.17725],[-73.57161,6.17532],[-73.57312,6.17556],[-73.57297,6.17688],[-73.57319,6.17734],[-73.57437,6.17649],[-73.57482,6.17561],[-73.57549,6.1755],[-73.5757,6.17711],[-73.57495,6.17773],[-73.57562,6.18033],[-73.57559,6.18181],[-73.57782,6.18245],[-73.5784,6.18251],[-73.57867,6.18222]],"type":"LineString"},"properties":{"advertencia":"Cartografía vial de contexto; no acredita transporte, comercialización ni exportación.","caso":"Serranía de los Agataes","crs_simplificacion_epsg":9377,"fecha_corte":"2026-08-28","fuente":"© OpenStreetMap contributors","fuente_url":"https://www.openstreetmap.org/copyright","highway":"secondary","nombre":"La Paz - Aguada","osm_id":459074848,"surface":"gravel","tipo":"red_vial_contexto","tolerancia_simplificacion_m":20,"vista":"territorio"},"type":"Feature"},{"geometry":{"coordinates":[[-73.64022,6.09369],[-73.64042,6.08944],[-73.64109,6.08856],[-73.64254,6.08762],[-73.64274,6.08681],[-73.64355,6.08658],[-73.64451,6.08533],[-73.64483,6.08254],[-73.64556,6.08096],[-73.64557,6.07877],[-73.64742,6.07806],[-73.64798,6.07724],[-73.64995,6.07722],[-73.64993,6.07634],[-73.64916,6.07508],[-73.65074,6.07225]],"type":"LineString"},"properties":{"advertencia":"Cartografía vial de contexto; no acredita transporte, comercialización ni exportación.","caso":"Serranía de los Agataes","crs_simplificacion_epsg":9377,"fecha_corte":"2026-08-28","fuente":"© OpenStreetMap contributors","fuente_url":"https://www.openstreetmap.org/copyright","highway":"unclassified","nombre":"Vía OSM 459843509","osm_id":459843509,"surface":null,"tipo":"red_vial_contexto","tolerancia_simplificacion_m":20,"vista":"territorio"},"type":"Feature"},{"geometry":{"coordinates":[[-73.62071,6.11637],[-73.62095,6.1152],[-73.62031,6.11364],[-73.62043,6.11155],[-73.62008,6.10874],[-73.62028,6.10797],[-73.61894,6.10656],[-73.6194,6.10373],[-73.61993,6.10315]],"type":"LineString"},"properties":{"advertencia":"Cartografía vial de contexto; no acredita transporte, comercialización ni exportación.","caso":"Serranía de los Agataes","crs_simplificacion_epsg":9377,"fecha_corte":"2026-08-28","fuente":"© OpenStreetMap contributors","fuente_url":"https://www.openstreetmap.org/copyright","highway":"track","nombre":"Vía OSM 460413664","osm_id":460413664,"surface":null,"tipo":"red_vial_contexto","tolerancia_simplificacion_m":20,"vista":"territorio"},"type":"Feature"},{"geometry":{"coordinates":[[-73.62448,6.08217],[-73.62356,6.08557],[-73.62303,6.08623],[-73.62216,6.08917],[-73.62118,6.09091]],"type":"LineString"},"properties":{"advertencia":"Cartografía vial de contexto; no acredita transporte, comercialización ni exportación.","caso":"Serranía de los Agataes","crs_simplificacion_epsg":9377,"fecha_corte":"2026-08-28","fuente":"© OpenStreetMap contributors","fuente_url":"https://www.openstreetmap.org/copyright","highway":"unclassified","nombre":"Vía OSM 460413693","osm_id":460413693,"surface":null,"tipo":"red_vial_contexto","tolerancia_simplificacion_m":20,"vista":"territorio"},"type":"Feature"},{"geometry":{"coordinates":[[-73.62118,6.09091],[-73.6204,6.09358],[-73.62042,6.09796],[-73.62091,6.09934]],"type":"LineString"},"properties":{"advertencia":"Cartografía vial de contexto; no acredita transporte, comercialización ni exportación.","caso":"Serranía de los Agataes","crs_simplificacion_epsg":9377,"fecha_corte":"2026-08-28","fuente":"© OpenStreetMap contributors","fuente_url":"https://www.openstreetmap.org/copyright","highway":"unclassified","nombre":"Vía OSM 460977770","osm_id":460977770,"surface":null,"tipo":"red_vial_contexto","tolerancia_simplificacion_m":20,"vista":"territorio"},"type":"Feature"},{"geometry":{"coordinates":[[-73.59242,6.14528],[-73.59105,6.14379],[-73.59129,6.14263],[-73.58967,6.141],[-73.58991,6.13967],[-73.58938,6.13922],[-73.58926,6.13858],[-73.5896,6.1381],[-73.58915,6.13786],[-73.58892,6.13732]],"type":"LineString"},"properties":{"advertencia":"Cartografía vial de contexto; no acredita transporte, comercialización ni exportación.","caso":"Serranía de los Agataes","crs_simplificacion_epsg":9377,"fecha_corte":"2026-08-28","fuente":"© OpenStreetMap contributors","fuente_url":"https://www.openstreetmap.org/copyright","highway":"unclassified","nombre":"Vía OSM 461965994","osm_id":461965994,"surface":null,"tipo":"red_vial_contexto","tolerancia_simplificacion_m":20,"vista":"territorio"},"type":"Feature"},{"geometry":{"coordinates":[[-73.5778,6.13204],[-73.57512,6.1322]],"type":"LineString"},"properties":{"advertencia":"Cartografía vial de contexto; no acredita transporte, comercialización ni exportación.","caso":"Serranía de los Agataes","crs_simplificacion_epsg":9377,"fecha_corte":"2026-08-28","fuente":"© OpenStreetMap contributors","fuente_url":"https://www.openstreetmap.org/copyright","highway":"track","nombre":"Vía OSM 461966420","osm_id":461966420,"surface":"ground","tipo":"red_vial_contexto","tolerancia_simplificacion_m":20,"vista":"territorio"},"type":"Feature"},{"geometry":{"coordinates":[[-73.5778,6.13204],[-73.57733,6.13144],[-73.57782,6.13079]],"type":"LineString"},"properties":{"advertencia":"Cartografía vial de contexto; no acredita transporte, comercialización ni exportación.","caso":"Serranía de los Agataes","crs_simplificacion_epsg":9377,"fecha_corte":"2026-08-28","fuente":"© OpenStreetMap contributors","fuente_url":"https://www.openstreetmap.org/copyright","highway":"footway","nombre":"Vía OSM 461966699","osm_id":461966699,"surface":null,"tipo":"red_vial_contexto","tolerancia_simplificacion_m":20,"vista":"territorio"},"type":"Feature"},{"geometry":{"coordinates":[[-73.59242,6.14528],[-73.59155,6.14627],[-73.58919,6.14742],[-73.58845,6.14819],[-73.58849,6.14888],[-73.58821,6.14862],[-73.58784,6.14906],[-73.58662,6.14871],[-73.5868,6.14919]],"type":"LineString"},"properties":{"advertencia":"Cartografía vial de contexto; no acredita transporte, comercialización ni exportación.","caso":"Serranía de los Agataes","crs_simplificacion_epsg":9377,"fecha_corte":"2026-08-28","fuente":"© OpenStreetMap contributors","fuente_url":"https://www.openstreetmap.org/copyright","highway":"unclassified","nombre":"Vía OSM 461966985","osm_id":461966985,"surface":null,"tipo":"red_vial_contexto","tolerancia_simplificacion_m":20,"vista":"territorio"},"type":"Feature"},{"geometry":{"coordinates":[[-73.59005,6.17892],[-73.59248,6.17827]],"type":"LineString"},"properties":{"advertencia":"Cartografía vial de contexto; no acredita transporte, comercialización ni exportación.","caso":"Serranía de los Agataes","crs_simplificacion_epsg":9377,"fecha_corte":"2026-08-28","fuente":"© OpenStreetMap contributors","fuente_url":"https://www.openstreetmap.org/copyright","highway":"residential","nombre":"Calle 5","osm_id":550177768,"surface":null,"tipo":"red_vial_contexto","tolerancia_simplificacion_m":20,"vista":"territorio"},"type":"Feature"},{"geometry":{"coordinates":[[-73.59084,6.17877],[-73.5907,6.17743]],"type":"LineString"},"properties":{"advertencia":"Cartografía vial de contexto; no acredita transporte, comercialización ni exportación.","caso":"Serranía de los Agataes","crs_simplificacion_epsg":9377,"fecha_corte":"2026-08-28","fuente":"© OpenStreetMap contributors","fuente_url":"https://www.openstreetmap.org/copyright","highway":"residential","nombre":"Carrera 5","osm_id":550177769,"surface":null,"tipo":"red_vial_contexto","tolerancia_simplificacion_m":20,"vista":"territorio"},"type":"Feature"},{"geometry":{"coordinates":[[-73.62091,6.09934],[-73.62186,6.10007],[-73.62557,6.09994],[-73.62575,6.10067],[-73.62728,6.10086],[-73.62726,6.10147],[-73.62841,6.10255],[-73.62854,6.10301],[-73.62966,6.10248],[-73.63244,6.10194],[-73.6342,6.10209],[-73.63509,6.10252]],"type":"LineString"},"properties":{"advertencia":"Cartografía vial de contexto; no acredita transporte, comercialización ni exportación.","caso":"Serranía de los Agataes","crs_simplificacion_epsg":9377,"fecha_corte":"2026-08-28","fuente":"© OpenStreetMap contributors","fuente_url":"https://www.openstreetmap.org/copyright","highway":"unclassified","nombre":"Vía OSM 551368218","osm_id":551368218,"surface":null,"tipo":"red_vial_contexto","tolerancia_simplificacion_m":20,"vista":"territorio"},"type":"Feature"},{"geometry":{"coordinates":[[-73.6246,6.11011],[-73.62428,6.10977],[-73.62036,6.11032]],"type":"LineString"},"properties":{"advertencia":"Cartografía vial de contexto; no acredita transporte, comercialización ni exportación.","caso":"Serranía de los Agataes","crs_simplificacion_epsg":9377,"fecha_corte":"2026-08-28","fuente":"© OpenStreetMap contributors","fuente_url":"https://www.openstreetmap.org/copyright","highway":"track","nombre":"Vía OSM 551368425","osm_id":551368425,"surface":null,"tipo":"red_vial_contexto","tolerancia_simplificacion_m":20,"vista":"territorio"},"type":"Feature"},{"geometry":{"coordinates":[[-73.58184,6.11927],[-73.58032,6.12016],[-73.58111,6.12273],[-73.58042,6.12306],[-73.5802,6.12357],[-73.58079,6.12414],[-73.58109,6.12504],[-73.58152,6.12529],[-73.58144,6.12617],[-73.58191,6.12695],[-73.58112,6.12731],[-73.58099,6.12796],[-73.58501,6.13141],[-73.58401,6.13292]],"type":"LineString"},"properties":{"advertencia":"Cartografía vial de contexto; no acredita transporte, comercialización ni exportación.","caso":"Serranía de los Agataes","crs_simplificacion_epsg":9377,"fecha_corte":"2026-08-28","fuente":"© OpenStreetMap contributors","fuente_url":"https://www.openstreetmap.org/copyright","highway":"track","nombre":"Vía OSM 551368635","osm_id":551368635,"surface":null,"tipo":"red_vial_contexto","tolerancia_simplificacion_m":20,"vista":"territorio"},"type":"Feature"},{"geometry":{"coordinates":[[-73.58935,6.17906],[-73.58955,6.1804]],"type":"LineString"},"properties":{"advertencia":"Cartografía vial de contexto; no acredita transporte, comercialización ni exportación.","caso":"Serranía de los Agataes","crs_simplificacion_epsg":9377,"fecha_corte":"2026-08-28","fuente":"© OpenStreetMap contributors","fuente_url":"https://www.openstreetmap.org/copyright","highway":"residential","nombre":"Carrera 3","osm_id":554725187,"surface":null,"tipo":"red_vial_contexto","tolerancia_simplificacion_m":20,"vista":"territorio"},"type":"Feature"},{"geometry":{"coordinates":[[-73.59084,6.17877],[-73.59205,6.18004],[-73.59306,6.17995]],"type":"LineString"},"properties":{"advertencia":"Cartografía vial de contexto; no acredita transporte, comercialización ni exportación.","caso":"Serranía de los Agataes","crs_simplificacion_epsg":9377,"fecha_corte":"2026-08-28","fuente":"© OpenStreetMap contributors","fuente_url":"https://www.openstreetmap.org/copyright","highway":"residential","nombre":"Transversal 5","osm_id":554725256,"surface":null,"tipo":"red_vial_contexto","tolerancia_simplificacion_m":20,"vista":"territorio"},"type":"Feature"},{"geometry":{"coordinates":[[-73.59023,6.17961],[-73.59202,6.18068],[-73.59306,6.17995]],"type":"LineString"},"properties":{"advertencia":"Cartografía vial de contexto; no acredita transporte, comercialización ni exportación.","caso":"Serranía de los Agataes","crs_simplificacion_epsg":9377,"fecha_corte":"2026-08-28","fuente":"© OpenStreetMap contributors","fuente_url":"https://www.openstreetmap.org/copyright","highway":"residential","nombre":"Transversal 4","osm_id":554725295,"surface":null,"tipo":"red_vial_contexto","tolerancia_simplificacion_m":20,"vista":"territorio"},"type":"Feature"},{"geometry":{"coordinates":[[-73.59306,6.17995],[-73.59378,6.18103],[-73.59627,6.18331],[-73.59698,6.18448],[-73.59665,6.18501],[-73.59679,6.18585],[-73.59773,6.18663],[-73.59752,6.18698],[-73.59677,6.18678],[-73.59543,6.18787],[-73.59569,6.19027],[-73.5968,6.19101],[-73.5983,6.19126],[-73.59831,6.19219],[-73.59756,6.19296],[-73.5977,6.19393],[-73.59829,6.1941],[-73.59896,6.1936],[-73.59962,6.19439],[-73.60035,6.19444],[-73.60195,6.19287],[-73.60273,6.19309],[-73.60238,6.19414],[-73.60128,6.19522],[-73.60139,6.19629],[-73.60189,6.19686],[-73.60242,6.19645],[-73.60245,6.19576],[-73.60296,6.19516],[-73.60455,6.19441],[-73.60565,6.19315],[-73.60684,6.19311],[-73.60721,6.1944],[-73.60753,6.19464],[-73.6082,6.1948],[-73.60865,6.19457],[-73.60912,6.19497],[-73.60972,6.19502],[-73.61014,6.19464],[-73.61059,6.19314],[-73.61198,6.1913],[-73.61359,6.19294],[-73.61376,6.19392],[-73.61453,6.19376],[-73.61507,6.19449],[-73.61633,6.19356],[-73.61732,6.19355],[-73.61764,6.19392],[-73.61785,6.19521],[-73.6188,6.19529],[-73.6194,6.19476],[-73.62018,6.19506],[-73.62015,6.1953]],"type":"LineString"},"properties":{"advertencia":"Cartografía vial de contexto; no acredita transporte, comercialización ni exportación.","caso":"Serranía de los Agataes","crs_simplificacion_epsg":9377,"fecha_corte":"2026-08-28","fuente":"© OpenStreetMap contributors","fuente_url":"https://www.openstreetmap.org/copyright","highway":"unclassified","nombre":"Vía OSM 554725933","osm_id":554725933,"surface":"dirt","tipo":"red_vial_contexto","tolerancia_simplificacion_m":20,"vista":"territorio"},"type":"Feature"},{"geometry":{"coordinates":[[-73.57833,6.18249],[-73.57824,6.18275]],"type":"LineString"},"properties":{"advertencia":"Cartografía vial de contexto; no acredita transporte, comercialización ni exportación.","caso":"Serranía de los Agataes","crs_simplificacion_epsg":9377,"fecha_corte":"2026-08-28","fuente":"© OpenStreetMap contributors","fuente_url":"https://www.openstreetmap.org/copyright","highway":"unclassified","nombre":"Vía OSM 554726443","osm_id":554726443,"surface":null,"tipo":"red_vial_contexto","tolerancia_simplificacion_m":20,"vista":"territorio"},"type":"Feature"},{"geometry":{"coordinates":[[-73.5779,6.19349],[-73.57617,6.19224],[-73.5749,6.19223],[-73.57338,6.19117],[-73.57253,6.19137],[-73.5716,6.1931],[-73.57192,6.19523],[-73.5716,6.1957],[-73.57163,6.19716],[-73.57119,6.19732]],"type":"LineString"},"properties":{"advertencia":"Cartografía vial de contexto; no acredita transporte, comercialización ni exportación.","caso":"Serranía de los Agataes","crs_simplificacion_epsg":9377,"fecha_corte":"2026-08-28","fuente":"© OpenStreetMap contributors","fuente_url":"https://www.openstreetmap.org/copyright","highway":"unclassified","nombre":"Vía OSM 554726499","osm_id":554726499,"surface":null,"tipo":"red_vial_contexto","tolerancia_simplificacion_m":20,"vista":"territorio"},"type":"Feature"},{"geometry":{"coordinates":[[-73.62829,6.09486],[-73.62821,6.09552],[-73.62748,6.09641],[-73.62653,6.09667],[-73.62747,6.0978],[-73.6274,6.09874]],"type":"LineString"},"properties":{"advertencia":"Cartografía vial de contexto; no acredita transporte, comercialización ni exportación.","caso":"Serranía de los Agataes","crs_simplificacion_epsg":9377,"fecha_corte":"2026-08-28","fuente":"© OpenStreetMap contributors","fuente_url":"https://www.openstreetmap.org/copyright","highway":"secondary","nombre":"Chipatá - La Paz","osm_id":641363523,"surface":"asphalt","tipo":"red_vial_contexto","tolerancia_simplificacion_m":20,"vista":"territorio"},"type":"Feature"},{"geometry":{"coordinates":[[-73.62835,6.09469],[-73.62829,6.09486]],"type":"LineString"},"properties":{"advertencia":"Cartografía vial de contexto; no acredita transporte, comercialización ni exportación.","caso":"Serranía de los Agataes","crs_simplificacion_epsg":9377,"fecha_corte":"2026-08-28","fuente":"© OpenStreetMap contributors","fuente_url":"https://www.openstreetmap.org/copyright","highway":"secondary","nombre":"Chipatá - La Paz","osm_id":641363526,"surface":"asphalt","tipo":"red_vial_contexto","tolerancia_simplificacion_m":20,"vista":"territorio"},"type":"Feature"},{"geometry":{"coordinates":[[-73.62735,6.09891],[-73.62646,6.1],[-73.6266,6.10254],[-73.62596,6.10308],[-73.62587,6.10386],[-73.62494,6.10405],[-73.62457,6.10446],[-73.62599,6.10777]],"type":"LineString"},"properties":{"advertencia":"Cartografía vial de contexto; no acredita transporte, comercialización ni exportación.","caso":"Serranía de los Agataes","crs_simplificacion_epsg":9377,"fecha_corte":"2026-08-28","fuente":"© OpenStreetMap contributors","fuente_url":"https://www.openstreetmap.org/copyright","highway":"secondary","nombre":"Chipatá - La Paz","osm_id":641363837,"surface":"asphalt","tipo":"red_vial_contexto","tolerancia_simplificacion_m":20,"vista":"territorio"},"type":"Feature"},{"geometry":{"coordinates":[[-73.6274,6.09874],[-73.62735,6.09891]],"type":"LineString"},"properties":{"advertencia":"Cartografía vial de contexto; no acredita transporte, comercialización ni exportación.","caso":"Serranía de los Agataes","crs_simplificacion_epsg":9377,"fecha_corte":"2026-08-28","fuente":"© OpenStreetMap contributors","fuente_url":"https://www.openstreetmap.org/copyright","highway":"secondary","nombre":"Chipatá - La Paz","osm_id":641363838,"surface":"asphalt","tipo":"red_vial_contexto","tolerancia_simplificacion_m":20,"vista":"territorio"},"type":"Feature"},{"geometry":{"coordinates":[[-73.62367,6.12051],[-73.62373,6.11989],[-73.62246,6.12003],[-73.62201,6.11955],[-73.62221,6.11907],[-73.6233,6.11858],[-73.62305,6.11714]],"type":"LineString"},"properties":{"advertencia":"Cartografía vial de contexto; no acredita transporte, comercialización ni exportación.","caso":"Serranía de los Agataes","crs_simplificacion_epsg":9377,"fecha_corte":"2026-08-28","fuente":"© OpenStreetMap contributors","fuente_url":"https://www.openstreetmap.org/copyright","highway":"secondary","nombre":"La Paz - Chipatá","osm_id":641367722,"surface":"asphalt","tipo":"red_vial_contexto","tolerancia_simplificacion_m":20,"vista":"territorio"},"type":"Feature"},{"geometry":{"coordinates":[[-73.63606,6.06406],[-73.63756,6.06603],[-73.63779,6.06744],[-73.63714,6.06828],[-73.63727,6.06993],[-73.63694,6.07091],[-73.63596,6.07221],[-73.63688,6.07261],[-73.63773,6.07462],[-73.63599,6.07781],[-73.63386,6.07874],[-73.63438,6.07968],[-73.63427,6.08036],[-73.63462,6.08144],[-73.63437,6.08359],[-73.63271,6.08511],[-73.63093,6.08534],[-73.63167,6.08671],[-73.63154,6.08698],[-73.62924,6.08823],[-73.62873,6.0894],[-73.62795,6.08973],[-73.62728,6.09055],[-73.62774,6.09136],[-73.62741,6.09234],[-73.62826,6.09389],[-73.62835,6.09469]],"type":"LineString"},"properties":{"advertencia":"Cartografía vial de contexto; no acredita transporte, comercialización ni exportación.","caso":"Serranía de los Agataes","crs_simplificacion_epsg":9377,"fecha_corte":"2026-08-28","fuente":"© OpenStreetMap contributors","fuente_url":"https://www.openstreetmap.org/copyright","highway":"secondary","nombre":"Chipatá - La Paz","osm_id":641369046,"surface":"asphalt","tipo":"red_vial_contexto","tolerancia_simplificacion_m":20,"vista":"territorio"},"type":"Feature"},{"geometry":{"coordinates":[[-73.59005,6.17892],[-73.59043,6.18043]],"type":"LineString"},"properties":{"advertencia":"Cartografía vial de contexto; no acredita transporte, comercialización ni exportación.","caso":"Serranía de los Agataes","crs_simplificacion_epsg":9377,"fecha_corte":"2026-08-28","fuente":"© OpenStreetMap contributors","fuente_url":"https://www.openstreetmap.org/copyright","highway":"residential","nombre":"Carrera 4","osm_id":657719329,"surface":"paved","tipo":"red_vial_contexto","tolerancia_simplificacion_m":20,"vista":"territorio"},"type":"Feature"},{"geometry":{"coordinates":[[-73.58913,6.17766],[-73.58898,6.17685]],"type":"LineString"},"properties":{"advertencia":"Cartografía vial de contexto; no acredita transporte, comercialización ni exportación.","caso":"Serranía de los Agataes","crs_simplificacion_epsg":9377,"fecha_corte":"2026-08-28","fuente":"© OpenStreetMap contributors","fuente_url":"https://www.openstreetmap.org/copyright","highway":"residential","nombre":"Carrera 3","osm_id":657719476,"surface":null,"tipo":"red_vial_contexto","tolerancia_simplificacion_m":20,"vista":"territorio"},"type":"Feature"},{"geometry":{"coordinates":[[-73.58829,6.17696],[-73.59006,6.17664]],"type":"LineString"},"properties":{"advertencia":"Cartografía vial de contexto; no acredita transporte, comercialización ni exportación.","caso":"Serranía de los Agataes","crs_simplificacion_epsg":9377,"fecha_corte":"2026-08-28","fuente":"© OpenStreetMap contributors","fuente_url":"https://www.openstreetmap.org/copyright","highway":"residential","nombre":"Calle 2","osm_id":657719500,"surface":null,"tipo":"red_vial_contexto","tolerancia_simplificacion_m":20,"vista":"territorio"},"type":"Feature"},{"geometry":{"coordinates":[[-73.56251,6.14615],[-73.56251,6.14558],[-73.56218,6.1455]],"type":"LineString"},"properties":{"advertencia":"Cartografía vial de contexto; no acredita transporte, comercialización ni exportación.","caso":"Serranía de los Agataes","crs_simplificacion_epsg":9377,"fecha_corte":"2026-08-28","fuente":"© OpenStreetMap contributors","fuente_url":"https://www.openstreetmap.org/copyright","highway":"service","nombre":"Vía OSM 664720790","osm_id":664720790,"surface":"ground","tipo":"red_vial_contexto","tolerancia_simplificacion_m":20,"vista":"territorio"},"type":"Feature"},{"geometry":{"coordinates":[[-73.56247,6.14614],[-73.5628,6.14647]],"type":"LineString"},"properties":{"advertencia":"Cartografía vial de contexto; no acredita transporte, comercialización ni exportación.","caso":"Serranía de los Agataes","crs_simplificacion_epsg":9377,"fecha_corte":"2026-08-28","fuente":"© OpenStreetMap contributors","fuente_url":"https://www.openstreetmap.org/copyright","highway":"service","nombre":"Vía OSM 664720793","osm_id":664720793,"surface":"ground","tipo":"red_vial_contexto","tolerancia_simplificacion_m":20,"vista":"territorio"},"type":"Feature"},{"geometry":{"coordinates":[[-73.56125,6.14545],[-73.56179,6.14484],[-73.56252,6.14483],[-73.5629,6.14414],[-73.56362,6.144],[-73.56385,6.14286],[-73.56516,6.14201],[-73.5656,6.14128]],"type":"LineString"},"properties":{"advertencia":"Cartografía vial de contexto; no acredita transporte, comercialización ni exportación.","caso":"Serranía de los Agataes","crs_simplificacion_epsg":9377,"fecha_corte":"2026-08-28","fuente":"© OpenStreetMap contributors","fuente_url":"https://www.openstreetmap.org/copyright","highway":"unclassified","nombre":"Vía OSM 664720886","osm_id":664720886,"surface":"ground","tipo":"red_vial_contexto","tolerancia_simplificacion_m":20,"vista":"territorio"},"type":"Feature"},{"geometry":{"coordinates":[[-73.5624,6.14484],[-73.56248,6.1437]],"type":"LineString"},"properties":{"advertencia":"Cartografía vial de contexto; no acredita transporte, comercialización ni exportación.","caso":"Serranía de los Agataes","crs_simplificacion_epsg":9377,"fecha_corte":"2026-08-28","fuente":"© OpenStreetMap contributors","fuente_url":"https://www.openstreetmap.org/copyright","highway":"service","nombre":"Vía OSM 664721082","osm_id":664721082,"surface":"ground","tipo":"red_vial_contexto","tolerancia_simplificacion_m":20,"vista":"territorio"},"type":"Feature"},{"geometry":{"coordinates":[[-73.63167,6.08671],[-73.63205,6.08688],[-73.63292,6.08614],[-73.6336,6.08614],[-73.63624,6.08771],[-73.63658,6.08829],[-73.63939,6.08893],[-73.6404,6.08957]],"type":"LineString"},"properties":{"advertencia":"Cartografía vial de contexto; no acredita transporte, comercialización ni exportación.","caso":"Serranía de los Agataes","crs_simplificacion_epsg":9377,"fecha_corte":"2026-08-28","fuente":"© OpenStreetMap contributors","fuente_url":"https://www.openstreetmap.org/copyright","highway":"track","nombre":"Vía OSM 665674521","osm_id":665674521,"surface":"ground","tipo":"red_vial_contexto","tolerancia_simplificacion_m":20,"vista":"territorio"},"type":"Feature"},{"geometry":{"coordinates":[[-73.62822,6.08963],[-73.62948,6.09053],[-73.63132,6.09082],[-73.6318,6.09147],[-73.63286,6.09174],[-73.63371,6.09235],[-73.63586,6.09246],[-73.63765,6.09204],[-73.64025,6.09255]],"type":"LineString"},"properties":{"advertencia":"Cartografía vial de contexto; no acredita transporte, comercialización ni exportación.","caso":"Serranía de los Agataes","crs_simplificacion_epsg":9377,"fecha_corte":"2026-08-28","fuente":"© OpenStreetMap contributors","fuente_url":"https://www.openstreetmap.org/copyright","highway":"track","nombre":"Vía OSM 665675195","osm_id":665675195,"surface":"ground","tipo":"red_vial_contexto","tolerancia_simplificacion_m":20,"vista":"territorio"},"type":"Feature"},{"geometry":{"coordinates":[[-73.62457,6.10446],[-73.62288,6.10476],[-73.62238,6.10538],[-73.62155,6.1055],[-73.6207,6.10653],[-73.61947,6.10633],[-73.61894,6.10656]],"type":"LineString"},"properties":{"advertencia":"Cartografía vial de contexto; no acredita transporte, comercialización ni exportación.","caso":"Serranía de los Agataes","crs_simplificacion_epsg":9377,"fecha_corte":"2026-08-28","fuente":"© OpenStreetMap contributors","fuente_url":"https://www.openstreetmap.org/copyright","highway":"track","nombre":"Vía OSM 665675995","osm_id":665675995,"surface":"ground","tipo":"red_vial_contexto","tolerancia_simplificacion_m":20,"vista":"territorio"},"type":"Feature"},{"geometry":{"coordinates":[[-73.61894,6.10656],[-73.61759,6.10661],[-73.61626,6.10758],[-73.6155,6.10977],[-73.61421,6.11134]],"type":"LineString"},"properties":{"advertencia":"Cartografía vial de contexto; no acredita transporte, comercialización ni exportación.","caso":"Serranía de los Agataes","crs_simplificacion_epsg":9377,"fecha_corte":"2026-08-28","fuente":"© OpenStreetMap contributors","fuente_url":"https://www.openstreetmap.org/copyright","highway":"track","nombre":"Vía OSM 665676383","osm_id":665676383,"surface":"ground","tipo":"red_vial_contexto","tolerancia_simplificacion_m":20,"vista":"territorio"},"type":"Feature"},{"geometry":{"coordinates":[[-73.61421,6.11134],[-73.61374,6.1118],[-73.61247,6.11211]],"type":"LineString"},"properties":{"advertencia":"Cartografía vial de contexto; no acredita transporte, comercialización ni exportación.","caso":"Serranía de los Agataes","crs_simplificacion_epsg":9377,"fecha_corte":"2026-08-28","fuente":"© OpenStreetMap contributors","fuente_url":"https://www.openstreetmap.org/copyright","highway":"track","nombre":"Vía OSM 665676419","osm_id":665676419,"surface":"ground","tipo":"red_vial_contexto","tolerancia_simplificacion_m":20,"vista":"territorio"},"type":"Feature"},{"geometry":{"coordinates":[[-73.61626,6.10758],[-73.61548,6.10735],[-73.614,6.10633],[-73.61335,6.10644],[-73.61232,6.10504],[-73.61129,6.10472],[-73.61117,6.1032],[-73.60939,6.10195],[-73.60836,6.10026],[-73.60681,6.09965],[-73.60554,6.09972]],"type":"LineString"},"properties":{"advertencia":"Cartografía vial de contexto; no acredita transporte, comercialización ni exportación.","caso":"Serranía de los Agataes","crs_simplificacion_epsg":9377,"fecha_corte":"2026-08-28","fuente":"© OpenStreetMap contributors","fuente_url":"https://www.openstreetmap.org/copyright","highway":"track","nombre":"Vía OSM 665676750","osm_id":665676750,"surface":"ground","tipo":"red_vial_contexto","tolerancia_simplificacion_m":20,"vista":"territorio"},"type":"Feature"},{"geometry":{"coordinates":[[-73.61274,6.10577],[-73.61192,6.10688],[-73.61068,6.1075],[-73.6099,6.10827]],"type":"LineString"},"properties":{"advertencia":"Cartografía vial de contexto; no acredita transporte, comercialización ni exportación.","caso":"Serranía de los Agataes","crs_simplificacion_epsg":9377,"fecha_corte":"2026-08-28","fuente":"© OpenStreetMap contributors","fuente_url":"https://www.openstreetmap.org/copyright","highway":"track","nombre":"Vía OSM 665676870","osm_id":665676870,"surface":"ground","tipo":"red_vial_contexto","tolerancia_simplificacion_m":20,"vista":"territorio"},"type":"Feature"},{"geometry":{"coordinates":[[-73.61706,6.10705],[-73.6157,6.10663],[-73.61452,6.10672]],"type":"LineString"},"properties":{"advertencia":"Cartografía vial de contexto; no acredita transporte, comercialización ni exportación.","caso":"Serranía de los Agataes","crs_simplificacion_epsg":9377,"fecha_corte":"2026-08-28","fuente":"© OpenStreetMap contributors","fuente_url":"https://www.openstreetmap.org/copyright","highway":"track","nombre":"Vía OSM 665676939","osm_id":665676939,"surface":"ground","tipo":"red_vial_contexto","tolerancia_simplificacion_m":20,"vista":"territorio"},"type":"Feature"},{"geometry":{"coordinates":[[-73.6157,6.10663],[-73.61492,6.10592],[-73.61436,6.1048],[-73.61448,6.10457]],"type":"LineString"},"properties":{"advertencia":"Cartografía vial de contexto; no acredita transporte, comercialización ni exportación.","caso":"Serranía de los Agataes","crs_simplificacion_epsg":9377,"fecha_corte":"2026-08-28","fuente":"© OpenStreetMap contributors","fuente_url":"https://www.openstreetmap.org/copyright","highway":"track","nombre":"Vía OSM 665676987","osm_id":665676987,"surface":"ground","tipo":"red_vial_contexto","tolerancia_simplificacion_m":20,"vista":"territorio"},"type":"Feature"},{"geometry":{"coordinates":[[-73.61941,6.10408],[-73.61873,6.10422],[-73.61781,6.10389]],"type":"LineString"},"properties":{"advertencia":"Cartografía vial de contexto; no acredita transporte, comercialización ni exportación.","caso":"Serranía de los Agataes","crs_simplificacion_epsg":9377,"fecha_corte":"2026-08-28","fuente":"© OpenStreetMap contributors","fuente_url":"https://www.openstreetmap.org/copyright","highway":"track","nombre":"Vía OSM 665677065","osm_id":665677065,"surface":"ground","tipo":"red_vial_contexto","tolerancia_simplificacion_m":20,"vista":"territorio"},"type":"Feature"},{"geometry":{"coordinates":[[-73.62039,6.09728],[-73.61841,6.09738],[-73.61754,6.09705],[-73.61694,6.09738],[-73.61396,6.09707]],"type":"LineString"},"properties":{"advertencia":"Cartografía vial de contexto; no acredita transporte, comercialización ni exportación.","caso":"Serranía de los Agataes","crs_simplificacion_epsg":9377,"fecha_corte":"2026-08-28","fuente":"© OpenStreetMap contributors","fuente_url":"https://www.openstreetmap.org/copyright","highway":"track","nombre":"Vía OSM 665679450","osm_id":665679450,"surface":"ground","tipo":"red_vial_contexto","tolerancia_simplificacion_m":20,"vista":"territorio"},"type":"Feature"},{"geometry":{"coordinates":[[-73.62055,6.09258],[-73.6195,6.09237],[-73.61796,6.09142],[-73.61679,6.0917],[-73.61586,6.09139],[-73.61319,6.09163]],"type":"LineString"},"properties":{"advertencia":"Cartografía vial de contexto; no acredita transporte, comercialización ni exportación.","caso":"Serranía de los Agataes","crs_simplificacion_epsg":9377,"fecha_corte":"2026-08-28","fuente":"© OpenStreetMap contributors","fuente_url":"https://www.openstreetmap.org/copyright","highway":"track","nombre":"Vía OSM 665702855","osm_id":665702855,"surface":"ground","tipo":"red_vial_contexto","tolerancia_simplificacion_m":20,"vista":"territorio"},"type":"Feature"},{"geometry":{"coordinates":[[-73.61319,6.09163],[-73.61135,6.09172],[-73.61009,6.09229],[-73.60958,6.09205],[-73.60896,6.09232],[-73.60802,6.09293],[-73.60743,6.09384],[-73.60632,6.09426],[-73.60566,6.0952]],"type":"LineString"},"properties":{"advertencia":"Cartografía vial de contexto; no acredita transporte, comercialización ni exportación.","caso":"Serranía de los Agataes","crs_simplificacion_epsg":9377,"fecha_corte":"2026-08-28","fuente":"© OpenStreetMap contributors","fuente_url":"https://www.openstreetmap.org/copyright","highway":"track","nombre":"Vía OSM 665702878","osm_id":665702878,"surface":"ground","tipo":"red_vial_contexto","tolerancia_simplificacion_m":20,"vista":"territorio"},"type":"Feature"},{"geometry":{"coordinates":[[-73.61527,6.09139],[-73.61439,6.09085],[-73.61392,6.0909],[-73.61278,6.08972],[-73.61191,6.08943],[-73.61062,6.08806],[-73.60879,6.08933]],"type":"LineString"},"properties":{"advertencia":"Cartografía vial de contexto; no acredita transporte, comercialización ni exportación.","caso":"Serranía de los Agataes","crs_simplificacion_epsg":9377,"fecha_corte":"2026-08-28","fuente":"© OpenStreetMap contributors","fuente_url":"https://www.openstreetmap.org/copyright","highway":"track","nombre":"Vía OSM 665703032","osm_id":665703032,"surface":"ground","tipo":"red_vial_contexto","tolerancia_simplificacion_m":20,"vista":"territorio"},"type":"Feature"},{"geometry":{"coordinates":[[-73.6204,6.09358],[-73.61879,6.09396],[-73.61777,6.09359]],"type":"LineString"},"properties":{"advertencia":"Cartografía vial de contexto; no acredita transporte, comercialización ni exportación.","caso":"Serranía de los Agataes","crs_simplificacion_epsg":9377,"fecha_corte":"2026-08-28","fuente":"© OpenStreetMap contributors","fuente_url":"https://www.openstreetmap.org/copyright","highway":"track","nombre":"Vía OSM 665703068","osm_id":665703068,"surface":"ground","tipo":"red_vial_contexto","tolerancia_simplificacion_m":20,"vista":"territorio"},"type":"Feature"},{"geometry":{"coordinates":[[-73.62044,6.09327],[-73.6221,6.09408],[-73.6225,6.09374],[-73.62351,6.09389]],"type":"LineString"},"properties":{"advertencia":"Cartografía vial de contexto; no acredita transporte, comercialización ni exportación.","caso":"Serranía de los Agataes","crs_simplificacion_epsg":9377,"fecha_corte":"2026-08-28","fuente":"© OpenStreetMap contributors","fuente_url":"https://www.openstreetmap.org/copyright","highway":"track","nombre":"Vía OSM 665703284","osm_id":665703284,"surface":"ground","tipo":"red_vial_contexto","tolerancia_simplificacion_m":20,"vista":"territorio"},"type":"Feature"},{"geometry":{"coordinates":[[-73.61981,6.10157],[-73.61749,6.10135]],"type":"LineString"},"properties":{"advertencia":"Cartografía vial de contexto; no acredita transporte, comercialización ni exportación.","caso":"Serranía de los Agataes","crs_simplificacion_epsg":9377,"fecha_corte":"2026-08-28","fuente":"© OpenStreetMap contributors","fuente_url":"https://www.openstreetmap.org/copyright","highway":"track","nombre":"Vía OSM 665703937","osm_id":665703937,"surface":"ground","tipo":"red_vial_contexto","tolerancia_simplificacion_m":20,"vista":"territorio"},"type":"Feature"},{"geometry":{"coordinates":[[-73.61597,6.0914],[-73.61485,6.08968]],"type":"LineString"},"properties":{"advertencia":"Cartografía vial de contexto; no acredita transporte, comercialización ni exportación.","caso":"Serranía de los Agataes","crs_simplificacion_epsg":9377,"fecha_corte":"2026-08-28","fuente":"© OpenStreetMap contributors","fuente_url":"https://www.openstreetmap.org/copyright","highway":"track","nombre":"Vía OSM 665703987","osm_id":665703987,"surface":"ground","tipo":"red_vial_contexto","tolerancia_simplificacion_m":20,"vista":"territorio"},"type":"Feature"},{"geometry":{"coordinates":[[-73.59689,6.1193],[-73.5957,6.12087],[-73.5955,6.12176],[-73.59428,6.12291],[-73.59567,6.12592],[-73.59567,6.12766]],"type":"LineString"},"properties":{"advertencia":"Cartografía vial de contexto; no acredita transporte, comercialización ni exportación.","caso":"Serranía de los Agataes","crs_simplificacion_epsg":9377,"fecha_corte":"2026-08-28","fuente":"© OpenStreetMap contributors","fuente_url":"https://www.openstreetmap.org/copyright","highway":"track","nombre":"Vía OSM 665863555","osm_id":665863555,"surface":"ground","tipo":"red_vial_contexto","tolerancia_simplificacion_m":20,"vista":"territorio"},"type":"Feature"},{"geometry":{"coordinates":[[-73.59479,6.11726],[-73.5951,6.11722],[-73.597,6.11493],[-73.59661,6.11415],[-73.59753,6.11326],[-73.59713,6.11255],[-73.59726,6.11234]],"type":"LineString"},"properties":{"advertencia":"Cartografía vial de contexto; no acredita transporte, comercialización ni exportación.","caso":"Serranía de los Agataes","crs_simplificacion_epsg":9377,"fecha_corte":"2026-08-28","fuente":"© OpenStreetMap contributors","fuente_url":"https://www.openstreetmap.org/copyright","highway":"track","nombre":"Vía OSM 665871595","osm_id":665871595,"surface":"ground","tipo":"red_vial_contexto","tolerancia_simplificacion_m":20,"vista":"territorio"},"type":"Feature"},{"geometry":{"coordinates":[[-73.597,6.11493],[-73.59761,6.11522],[-73.59832,6.11668]],"type":"LineString"},"properties":{"advertencia":"Cartografía vial de contexto; no acredita transporte, comercialización ni exportación.","caso":"Serranía de los Agataes","crs_simplificacion_epsg":9377,"fecha_corte":"2026-08-28","fuente":"© OpenStreetMap contributors","fuente_url":"https://www.openstreetmap.org/copyright","highway":"track","nombre":"Vía OSM 665871836","osm_id":665871836,"surface":"ground","tipo":"red_vial_contexto","tolerancia_simplificacion_m":20,"vista":"territorio"},"type":"Feature"},{"geometry":{"coordinates":[[-73.59058,6.11289],[-73.59149,6.11204],[-73.59248,6.11235],[-73.59373,6.11224],[-73.59427,6.11148],[-73.59467,6.11162],[-73.59532,6.11063]],"type":"LineString"},"properties":{"advertencia":"Cartografía vial de contexto; no acredita transporte, comercialización ni exportación.","caso":"Serranía de los Agataes","crs_simplificacion_epsg":9377,"fecha_corte":"2026-08-28","fuente":"© OpenStreetMap contributors","fuente_url":"https://www.openstreetmap.org/copyright","highway":"track","nombre":"Vía OSM 665872155","osm_id":665872155,"surface":"ground","tipo":"red_vial_contexto","tolerancia_simplificacion_m":20,"vista":"territorio"},"type":"Feature"},{"geometry":{"coordinates":[[-73.58964,6.11224],[-73.58912,6.11087],[-73.58961,6.10995],[-73.59132,6.10936],[-73.59168,6.10964],[-73.59222,6.10902],[-73.59532,6.11063]],"type":"LineString"},"properties":{"advertencia":"Cartografía vial de contexto; no acredita transporte, comercialización ni exportación.","caso":"Serranía de los Agataes","crs_simplificacion_epsg":9377,"fecha_corte":"2026-08-28","fuente":"© OpenStreetMap contributors","fuente_url":"https://www.openstreetmap.org/copyright","highway":"track","nombre":"Vía OSM 665872376","osm_id":665872376,"surface":"ground","tipo":"red_vial_contexto","tolerancia_simplificacion_m":20,"vista":"territorio"},"type":"Feature"},{"geometry":{"coordinates":[[-73.59532,6.11063],[-73.59562,6.11025]],"type":"LineString"},"properties":{"advertencia":"Cartografía vial de contexto; no acredita transporte, comercialización ni exportación.","caso":"Serranía de los Agataes","crs_simplificacion_epsg":9377,"fecha_corte":"2026-08-28","fuente":"© OpenStreetMap contributors","fuente_url":"https://www.openstreetmap.org/copyright","highway":"track","nombre":"Vía OSM 665872419","osm_id":665872419,"surface":"ground","tipo":"red_vial_contexto","tolerancia_simplificacion_m":20,"vista":"territorio"},"type":"Feature"},{"geometry":{"coordinates":[[-73.58598,6.11017],[-73.58671,6.10896],[-73.58605,6.10859],[-73.58547,6.10871],[-73.58488,6.10713]],"type":"LineString"},"properties":{"advertencia":"Cartografía vial de contexto; no acredita transporte, comercialización ni exportación.","caso":"Serranía de los Agataes","crs_simplificacion_epsg":9377,"fecha_corte":"2026-08-28","fuente":"© OpenStreetMap contributors","fuente_url":"https://www.openstreetmap.org/copyright","highway":"track","nombre":"Vía OSM 665872802","osm_id":665872802,"surface":"ground","tipo":"red_vial_contexto","tolerancia_simplificacion_m":20,"vista":"territorio"},"type":"Feature"},{"geometry":{"coordinates":[[-73.58671,6.10896],[-73.58712,6.10858],[-73.58954,6.11007]],"type":"LineString"},"properties":{"advertencia":"Cartografía vial de contexto; no acredita transporte, comercialización ni exportación.","caso":"Serranía de los Agataes","crs_simplificacion_epsg":9377,"fecha_corte":"2026-08-28","fuente":"© OpenStreetMap contributors","fuente_url":"https://www.openstreetmap.org/copyright","highway":"track","nombre":"Vía OSM 665872872","osm_id":665872872,"surface":"ground","tipo":"red_vial_contexto","tolerancia_simplificacion_m":20,"vista":"territorio"},"type":"Feature"},{"geometry":{"coordinates":[[-73.58332,6.10712],[-73.58286,6.10879],[-73.5824,6.10809],[-73.58127,6.10825],[-73.58037,6.10796],[-73.57992,6.10888],[-73.57948,6.10896]],"type":"LineString"},"properties":{"advertencia":"Cartografía vial de contexto; no acredita transporte, comercialización ni exportación.","caso":"Serranía de los Agataes","crs_simplificacion_epsg":9377,"fecha_corte":"2026-08-28","fuente":"© OpenStreetMap contributors","fuente_url":"https://www.openstreetmap.org/copyright","highway":"unclassified","nombre":"Vía OSM 665873095","osm_id":665873095,"surface":"ground","tipo":"red_vial_contexto","tolerancia_simplificacion_m":20,"vista":"territorio"},"type":"Feature"},{"geometry":{"coordinates":[[-73.58186,6.10816],[-73.58128,6.10732]],"type":"LineString"},"properties":{"advertencia":"Cartografía vial de contexto; no acredita transporte, comercialización ni exportación.","caso":"Serranía de los Agataes","crs_simplificacion_epsg":9377,"fecha_corte":"2026-08-28","fuente":"© OpenStreetMap contributors","fuente_url":"https://www.openstreetmap.org/copyright","highway":"track","nombre":"Vía OSM 665873205","osm_id":665873205,"surface":"ground","tipo":"red_vial_contexto","tolerancia_simplificacion_m":20,"vista":"territorio"},"type":"Feature"},{"geometry":{"coordinates":[[-73.58303,6.10471],[-73.58292,6.10416],[-73.58146,6.10229],[-73.5798,6.0992]],"type":"LineString"},"properties":{"advertencia":"Cartografía vial de contexto; no acredita transporte, comercialización ni exportación.","caso":"Serranía de los Agataes","crs_simplificacion_epsg":9377,"fecha_corte":"2026-08-28","fuente":"© OpenStreetMap contributors","fuente_url":"https://www.openstreetmap.org/copyright","highway":"track","nombre":"Vía OSM 665873510","osm_id":665873510,"surface":"ground","tipo":"red_vial_contexto","tolerancia_simplificacion_m":20,"vista":"territorio"},"type":"Feature"},{"geometry":{"coordinates":[[-73.5823,6.10329],[-73.58185,6.10239]],"type":"LineString"},"properties":{"advertencia":"Cartografía vial de contexto; no acredita transporte, comercialización ni exportación.","caso":"Serranía de los Agataes","crs_simplificacion_epsg":9377,"fecha_corte":"2026-08-28","fuente":"© OpenStreetMap contributors","fuente_url":"https://www.openstreetmap.org/copyright","highway":"track","nombre":"Vía OSM 665873633","osm_id":665873633,"surface":"ground","tipo":"red_vial_contexto","tolerancia_simplificacion_m":20,"vista":"territorio"},"type":"Feature"},{"geometry":{"coordinates":[[-73.58308,6.10472],[-73.58373,6.1045]],"type":"LineString"},"properties":{"advertencia":"Cartografía vial de contexto; no acredita transporte, comercialización ni exportación.","caso":"Serranía de los Agataes","crs_simplificacion_epsg":9377,"fecha_corte":"2026-08-28","fuente":"© OpenStreetMap contributors","fuente_url":"https://www.openstreetmap.org/copyright","highway":"track","nombre":"Vía OSM 665873906","osm_id":665873906,"surface":"ground","tipo":"red_vial_contexto","tolerancia_simplificacion_m":20,"vista":"territorio"},"type":"Feature"},{"geometry":{"coordinates":[[-73.58564,6.10517],[-73.58606,6.10557]],"type":"LineString"},"properties":{"advertencia":"Cartografía vial de contexto; no acredita transporte, comercialización ni exportación.","caso":"Serranía de los Agataes","crs_simplificacion_epsg":9377,"fecha_corte":"2026-08-28","fuente":"© OpenStreetMap contributors","fuente_url":"https://www.openstreetmap.org/copyright","highway":"track","nombre":"Vía OSM 665874074","osm_id":665874074,"surface":"ground","tipo":"red_vial_contexto","tolerancia_simplificacion_m":20,"vista":"territorio"},"type":"Feature"},{"geometry":{"coordinates":[[-73.58004,6.10866],[-73.58094,6.10941],[-73.58055,6.11022]],"type":"LineString"},"properties":{"advertencia":"Cartografía vial de contexto; no acredita transporte, comercialización ni exportación.","caso":"Serranía de los Agataes","crs_simplificacion_epsg":9377,"fecha_corte":"2026-08-28","fuente":"© OpenStreetMap contributors","fuente_url":"https://www.openstreetmap.org/copyright","highway":"track","nombre":"Vía OSM 665874144","osm_id":665874144,"surface":"ground","tipo":"red_vial_contexto","tolerancia_simplificacion_m":20,"vista":"territorio"},"type":"Feature"},{"geometry":{"coordinates":[[-73.5807,6.11807],[-73.58132,6.11722],[-73.58158,6.1158],[-73.58243,6.1159]],"type":"LineString"},"properties":{"advertencia":"Cartografía vial de contexto; no acredita transporte, comercialización ni exportación.","caso":"Serranía de los Agataes","crs_simplificacion_epsg":9377,"fecha_corte":"2026-08-28","fuente":"© OpenStreetMap contributors","fuente_url":"https://www.openstreetmap.org/copyright","highway":"unclassified","nombre":"Vía OSM 665875076","osm_id":665875076,"surface":"ground","tipo":"red_vial_contexto","tolerancia_simplificacion_m":20,"vista":"territorio"},"type":"Feature"},{"geometry":{"coordinates":[[-73.58243,6.1159],[-73.58246,6.115]],"type":"LineString"},"properties":{"advertencia":"Cartografía vial de contexto; no acredita transporte, comercialización ni exportación.","caso":"Serranía de los Agataes","crs_simplificacion_epsg":9377,"fecha_corte":"2026-08-28","fuente":"© OpenStreetMap contributors","fuente_url":"https://www.openstreetmap.org/copyright","highway":"track","nombre":"Vía OSM 665875154","osm_id":665875154,"surface":"ground","tipo":"red_vial_contexto","tolerancia_simplificacion_m":20,"vista":"territorio"},"type":"Feature"},{"geometry":{"coordinates":[[-73.58358,6.11601],[-73.58398,6.11533],[-73.58384,6.11489]],"type":"LineString"},"properties":{"advertencia":"Cartografía vial de contexto; no acredita transporte, comercialización ni exportación.","caso":"Serranía de los Agataes","crs_simplificacion_epsg":9377,"fecha_corte":"2026-08-28","fuente":"© OpenStreetMap contributors","fuente_url":"https://www.openstreetmap.org/copyright","highway":"track","nombre":"Vía OSM 665875180","osm_id":665875180,"surface":"ground","tipo":"red_vial_contexto","tolerancia_simplificacion_m":20,"vista":"territorio"},"type":"Feature"},{"geometry":{"coordinates":[[-73.58119,6.18204],[-73.57967,6.1842]],"type":"LineString"},"properties":{"advertencia":"Cartografía vial de contexto; no acredita transporte, comercialización ni exportación.","caso":"Serranía de los Agataes","crs_simplificacion_epsg":9377,"fecha_corte":"2026-08-28","fuente":"© OpenStreetMap contributors","fuente_url":"https://www.openstreetmap.org/copyright","highway":"track","nombre":"Vía OSM 666318967","osm_id":666318967,"surface":"ground","tipo":"red_vial_contexto","tolerancia_simplificacion_m":20,"vista":"territorio"},"type":"Feature"},{"geometry":{"coordinates":[[-73.58754,6.17768],[-73.58371,6.1781],[-73.58291,6.17889],[-73.58251,6.17863],[-73.58262,6.17844]],"type":"LineString"},"properties":{"advertencia":"Cartografía vial de contexto; no acredita transporte, comercialización ni exportación.","caso":"Serranía de los Agataes","crs_simplificacion_epsg":9377,"fecha_corte":"2026-08-28","fuente":"© OpenStreetMap contributors","fuente_url":"https://www.openstreetmap.org/copyright","highway":"unclassified","nombre":"Vía OSM 666319776","osm_id":666319776,"surface":null,"tipo":"red_vial_contexto","tolerancia_simplificacion_m":20,"vista":"territorio"},"type":"Feature"},{"geometry":{"coordinates":[[-73.59041,6.18031],[-73.58955,6.1804]],"type":"LineString"},"properties":{"advertencia":"Cartografía vial de contexto; no acredita transporte, comercialización ni exportación.","caso":"Serranía de los Agataes","crs_simplificacion_epsg":9377,"fecha_corte":"2026-08-28","fuente":"© OpenStreetMap contributors","fuente_url":"https://www.openstreetmap.org/copyright","highway":"residential","nombre":"Calle 7","osm_id":666319814,"surface":null,"tipo":"red_vial_contexto","tolerancia_simplificacion_m":20,"vista":"territorio"},"type":"Feature"},{"geometry":{"coordinates":[[-73.59133,6.17941],[-73.5879,6.17975]],"type":"LineString"},"properties":{"advertencia":"Cartografía vial de contexto; no acredita transporte, comercialización ni exportación.","caso":"Serranía de los Agataes","crs_simplificacion_epsg":9377,"fecha_corte":"2026-08-28","fuente":"© OpenStreetMap contributors","fuente_url":"https://www.openstreetmap.org/copyright","highway":"residential","nombre":"Calle 6","osm_id":666319921,"surface":null,"tipo":"red_vial_contexto","tolerancia_simplificacion_m":20,"vista":"territorio"},"type":"Feature"},{"geometry":{"coordinates":[[-73.5879,6.17975],[-73.58829,6.17696]],"type":"LineString"},"properties":{"advertencia":"Cartografía vial de contexto; no acredita transporte, comercialización ni exportación.","caso":"Serranía de los Agataes","crs_simplificacion_epsg":9377,"fecha_corte":"2026-08-28","fuente":"© OpenStreetMap contributors","fuente_url":"https://www.openstreetmap.org/copyright","highway":"residential","nombre":"Carrera 2","osm_id":666320205,"surface":null,"tipo":"red_vial_contexto","tolerancia_simplificacion_m":20,"vista":"territorio"},"type":"Feature"},{"geometry":{"coordinates":[[-73.59043,6.17611],[-73.59062,6.17561],[-73.59021,6.17469],[-73.59025,6.1737],[-73.59086,6.17245],[-73.59063,6.17015],[-73.58958,6.16848],[-73.58796,6.16771],[-73.58688,6.16389],[-73.58605,6.16288],[-73.58599,6.16185],[-73.58563,6.16125],[-73.5859,6.15899],[-73.58626,6.15847]],"type":"LineString"},"properties":{"advertencia":"Cartografía vial de contexto; no acredita transporte, comercialización ni exportación.","caso":"Serranía de los Agataes","crs_simplificacion_epsg":9377,"fecha_corte":"2026-08-28","fuente":"© OpenStreetMap contributors","fuente_url":"https://www.openstreetmap.org/copyright","highway":"unclassified","nombre":"Vía OSM 666320383","osm_id":666320383,"surface":"dirt","tipo":"red_vial_contexto","tolerancia_simplificacion_m":20,"vista":"territorio"},"type":"Feature"},{"geometry":{"coordinates":[[-73.59543,6.17299],[-73.59547,6.17229]],"type":"LineString"},"properties":{"advertencia":"Cartografía vial de contexto; no acredita transporte, comercialización ni exportación.","caso":"Serranía de los Agataes","crs_simplificacion_epsg":9377,"fecha_corte":"2026-08-28","fuente":"© OpenStreetMap contributors","fuente_url":"https://www.openstreetmap.org/copyright","highway":"track","nombre":"Vía OSM 666320498","osm_id":666320498,"surface":"ground","tipo":"red_vial_contexto","tolerancia_simplificacion_m":20,"vista":"territorio"},"type":"Feature"},{"geometry":{"coordinates":[[-73.59532,6.15072],[-73.59371,6.14914],[-73.59292,6.14955],[-73.59256,6.15083],[-73.59121,6.15141],[-73.58966,6.15073],[-73.58905,6.15077],[-73.58799,6.15272]],"type":"LineString"},"properties":{"advertencia":"Cartografía vial de contexto; no acredita transporte, comercialización ni exportación.","caso":"Serranía de los Agataes","crs_simplificacion_epsg":9377,"fecha_corte":"2026-08-28","fuente":"© OpenStreetMap contributors","fuente_url":"https://www.openstreetmap.org/copyright","highway":"unclassified","nombre":"Vía OSM 666321345","osm_id":666321345,"surface":"ground","tipo":"red_vial_contexto","tolerancia_simplificacion_m":20,"vista":"territorio"},"type":"Feature"},{"geometry":{"coordinates":[[-73.59426,6.15585],[-73.59406,6.15485],[-73.59332,6.15512],[-73.59272,6.15461],[-73.58994,6.15479]],"type":"LineString"},"properties":{"advertencia":"Cartografía vial de contexto; no acredita transporte, comercialización ni exportación.","caso":"Serranía de los Agataes","crs_simplificacion_epsg":9377,"fecha_corte":"2026-08-28","fuente":"© OpenStreetMap contributors","fuente_url":"https://www.openstreetmap.org/copyright","highway":"unclassified","nombre":"Vía OSM 666337829","osm_id":666337829,"surface":"ground","tipo":"red_vial_contexto","tolerancia_simplificacion_m":20,"vista":"territorio"},"type":"Feature"},{"geometry":{"coordinates":[[-73.59381,6.15669],[-73.59206,6.15716],[-73.59143,6.15682],[-73.59105,6.15726],[-73.59109,6.15833]],"type":"LineString"},"properties":{"advertencia":"Cartografía vial de contexto; no acredita transporte, comercialización ni exportación.","caso":"Serranía de los Agataes","crs_simplificacion_epsg":9377,"fecha_corte":"2026-08-28","fuente":"© OpenStreetMap contributors","fuente_url":"https://www.openstreetmap.org/copyright","highway":"track","nombre":"Vía OSM 666338241","osm_id":666338241,"surface":"ground","tipo":"red_vial_contexto","tolerancia_simplificacion_m":20,"vista":"territorio"},"type":"Feature"},{"geometry":{"coordinates":[[-73.5915,6.1568],[-73.59149,6.15565]],"type":"LineString"},"properties":{"advertencia":"Cartografía vial de contexto; no acredita transporte, comercialización ni exportación.","caso":"Serranía de los Agataes","crs_simplificacion_epsg":9377,"fecha_corte":"2026-08-28","fuente":"© OpenStreetMap contributors","fuente_url":"https://www.openstreetmap.org/copyright","highway":"track","nombre":"Vía OSM 666338276","osm_id":666338276,"surface":"ground","tipo":"red_vial_contexto","tolerancia_simplificacion_m":20,"vista":"territorio"},"type":"Feature"},{"geometry":{"coordinates":[[-73.59415,6.16029],[-73.59467,6.15918],[-73.59547,6.16025],[-73.59595,6.16005],[-73.59684,6.16038],[-73.59726,6.16022],[-73.59877,6.15869],[-73.59894,6.15777],[-73.59937,6.15767],[-73.59914,6.15695],[-73.60008,6.15688],[-73.59954,6.15645]],"type":"LineString"},"properties":{"advertencia":"Cartografía vial de contexto; no acredita transporte, comercialización ni exportación.","caso":"Serranía de los Agataes","crs_simplificacion_epsg":9377,"fecha_corte":"2026-08-28","fuente":"© OpenStreetMap contributors","fuente_url":"https://www.openstreetmap.org/copyright","highway":"unclassified","nombre":"Vía OSM 666339430","osm_id":666339430,"surface":"ground","tipo":"red_vial_contexto","tolerancia_simplificacion_m":20,"vista":"territorio"},"type":"Feature"},{"geometry":{"coordinates":[[-73.59747,6.14552],[-73.5965,6.14435]],"type":"LineString"},"properties":{"advertencia":"Cartografía vial de contexto; no acredita transporte, comercialización ni exportación.","caso":"Serranía de los Agataes","crs_simplificacion_epsg":9377,"fecha_corte":"2026-08-28","fuente":"© OpenStreetMap contributors","fuente_url":"https://www.openstreetmap.org/copyright","highway":"unclassified","nombre":"Vía OSM 666340031","osm_id":666340031,"surface":"ground","tipo":"red_vial_contexto","tolerancia_simplificacion_m":20,"vista":"territorio"},"type":"Feature"},{"geometry":{"coordinates":[[-73.59742,6.14564],[-73.59689,6.14554]],"type":"LineString"},"properties":{"advertencia":"Cartografía vial de contexto; no acredita transporte, comercialización ni exportación.","caso":"Serranía de los Agataes","crs_simplificacion_epsg":9377,"fecha_corte":"2026-08-28","fuente":"© OpenStreetMap contributors","fuente_url":"https://www.openstreetmap.org/copyright","highway":"track","nombre":"Vía OSM 666340132","osm_id":666340132,"surface":"ground","tipo":"red_vial_contexto","tolerancia_simplificacion_m":20,"vista":"territorio"},"type":"Feature"},{"geometry":{"coordinates":[[-73.59719,6.14779],[-73.59548,6.14805],[-73.59501,6.14773]],"type":"LineString"},"properties":{"advertencia":"Cartografía vial de contexto; no acredita transporte, comercialización ni exportación.","caso":"Serranía de los Agataes","crs_simplificacion_epsg":9377,"fecha_corte":"2026-08-28","fuente":"© OpenStreetMap contributors","fuente_url":"https://www.openstreetmap.org/copyright","highway":"unclassified","nombre":"Vía OSM 666340276","osm_id":666340276,"surface":"ground","tipo":"red_vial_contexto","tolerancia_simplificacion_m":20,"vista":"territorio"},"type":"Feature"},{"geometry":{"coordinates":[[-73.59805,6.14033],[-73.59859,6.1409],[-73.59923,6.14047],[-73.6,6.14119],[-73.60037,6.14255],[-73.60112,6.14311],[-73.60205,6.14536],[-73.60407,6.14468],[-73.60485,6.14391],[-73.6057,6.14401],[-73.60587,6.1438]],"type":"LineString"},"properties":{"advertencia":"Cartografía vial de contexto; no acredita transporte, comercialización ni exportación.","caso":"Serranía de los Agataes","crs_simplificacion_epsg":9377,"fecha_corte":"2026-08-28","fuente":"© OpenStreetMap contributors","fuente_url":"https://www.openstreetmap.org/copyright","highway":"unclassified","nombre":"Vía OSM 666340456","osm_id":666340456,"surface":"ground","tipo":"red_vial_contexto","tolerancia_simplificacion_m":20,"vista":"territorio"},"type":"Feature"},{"geometry":{"coordinates":[[-73.60205,6.14536],[-73.6014,6.14583],[-73.60063,6.14581],[-73.59958,6.14651],[-73.59969,6.14757],[-73.59875,6.14771],[-73.59898,6.14879],[-73.59863,6.14963],[-73.59765,6.15014],[-73.59665,6.15005],[-73.59637,6.14969]],"type":"LineString"},"properties":{"advertencia":"Cartografía vial de contexto; no acredita transporte, comercialización ni exportación.","caso":"Serranía de los Agataes","crs_simplificacion_epsg":9377,"fecha_corte":"2026-08-28","fuente":"© OpenStreetMap contributors","fuente_url":"https://www.openstreetmap.org/copyright","highway":"unclassified","nombre":"Vía OSM 666340941","osm_id":666340941,"surface":"ground","tipo":"red_vial_contexto","tolerancia_simplificacion_m":20,"vista":"territorio"},"type":"Feature"},{"geometry":{"coordinates":[[-73.59958,6.14651],[-73.59924,6.1465]],"type":"LineString"},"properties":{"advertencia":"Cartografía vial de contexto; no acredita transporte, comercialización ni exportación.","caso":"Serranía de los Agataes","crs_simplificacion_epsg":9377,"fecha_corte":"2026-08-28","fuente":"© OpenStreetMap contributors","fuente_url":"https://www.openstreetmap.org/copyright","highway":"track","nombre":"Vía OSM 666340959","osm_id":666340959,"surface":"ground","tipo":"red_vial_contexto","tolerancia_simplificacion_m":20,"vista":"territorio"},"type":"Feature"},{"geometry":{"coordinates":[[-73.59876,6.14828],[-73.59892,6.14806],[-73.60124,6.1484]],"type":"LineString"},"properties":{"advertencia":"Cartografía vial de contexto; no acredita transporte, comercialización ni exportación.","caso":"Serranía de los Agataes","crs_simplificacion_epsg":9377,"fecha_corte":"2026-08-28","fuente":"© OpenStreetMap contributors","fuente_url":"https://www.openstreetmap.org/copyright","highway":"unclassified","nombre":"Vía OSM 666340972","osm_id":666340972,"surface":"ground","tipo":"red_vial_contexto","tolerancia_simplificacion_m":20,"vista":"territorio"},"type":"Feature"},{"geometry":{"coordinates":[[-73.60012,6.14827],[-73.60035,6.14813]],"type":"LineString"},"properties":{"advertencia":"Cartografía vial de contexto; no acredita transporte, comercialización ni exportación.","caso":"Serranía de los Agataes","crs_simplificacion_epsg":9377,"fecha_corte":"2026-08-28","fuente":"© OpenStreetMap contributors","fuente_url":"https://www.openstreetmap.org/copyright","highway":"track","nombre":"Vía OSM 666340984","osm_id":666340984,"surface":"ground","tipo":"red_vial_contexto","tolerancia_simplificacion_m":20,"vista":"territorio"},"type":"Feature"},{"geometry":{"coordinates":[[-73.59887,6.14814],[-73.59951,6.14852]],"type":"LineString"},"properties":{"advertencia":"Cartografía vial de contexto; no acredita transporte, comercialización ni exportación.","caso":"Serranía de los Agataes","crs_simplificacion_epsg":9377,"fecha_corte":"2026-08-28","fuente":"© OpenStreetMap contributors","fuente_url":"https://www.openstreetmap.org/copyright","highway":"track","nombre":"Vía OSM 666341012","osm_id":666341012,"surface":"ground","tipo":"red_vial_contexto","tolerancia_simplificacion_m":20,"vista":"territorio"},"type":"Feature"},{"geometry":{"coordinates":[[-73.59823,6.14979],[-73.59916,6.15024],[-73.59948,6.15105],[-73.60196,6.15207],[-73.60268,6.15096],[-73.60688,6.1524],[-73.60785,6.15239],[-73.60885,6.15144],[-73.61034,6.14894],[-73.60824,6.14636],[-73.60795,6.14457],[-73.60587,6.1438]],"type":"LineString"},"properties":{"advertencia":"Cartografía vial de contexto; no acredita transporte, comercialización ni exportación.","caso":"Serranía de los Agataes","crs_simplificacion_epsg":9377,"fecha_corte":"2026-08-28","fuente":"© OpenStreetMap contributors","fuente_url":"https://www.openstreetmap.org/copyright","highway":"unclassified","nombre":"Vía OSM 666341153","osm_id":666341153,"surface":"ground","tipo":"red_vial_contexto","tolerancia_simplificacion_m":20,"vista":"territorio"},"type":"Feature"},{"geometry":{"coordinates":[[-73.60861,6.15166],[-73.6085,6.1512]],"type":"LineString"},"properties":{"advertencia":"Cartografía vial de contexto; no acredita transporte, comercialización ni exportación.","caso":"Serranía de los Agataes","crs_simplificacion_epsg":9377,"fecha_corte":"2026-08-28","fuente":"© OpenStreetMap contributors","fuente_url":"https://www.openstreetmap.org/copyright","highway":"track","nombre":"Vía OSM 666341166","osm_id":666341166,"surface":"ground","tipo":"red_vial_contexto","tolerancia_simplificacion_m":20,"vista":"territorio"},"type":"Feature"},{"geometry":{"coordinates":[[-73.6092,6.15058],[-73.60895,6.15076]],"type":"LineString"},"properties":{"advertencia":"Cartografía vial de contexto; no acredita transporte, comercialización ni exportación.","caso":"Serranía de los Agataes","crs_simplificacion_epsg":9377,"fecha_corte":"2026-08-28","fuente":"© OpenStreetMap contributors","fuente_url":"https://www.openstreetmap.org/copyright","highway":"track","nombre":"Vía OSM 666341189","osm_id":666341189,"surface":"ground","tipo":"red_vial_contexto","tolerancia_simplificacion_m":20,"vista":"territorio"},"type":"Feature"},{"geometry":{"coordinates":[[-73.61032,6.14886],[-73.6113,6.14854],[-73.61148,6.14899],[-73.6124,6.14966],[-73.61273,6.15103],[-73.61481,6.1515]],"type":"LineString"},"properties":{"advertencia":"Cartografía vial de contexto; no acredita transporte, comercialización ni exportación.","caso":"Serranía de los Agataes","crs_simplificacion_epsg":9377,"fecha_corte":"2026-08-28","fuente":"© OpenStreetMap contributors","fuente_url":"https://www.openstreetmap.org/copyright","highway":"unclassified","nombre":"Vía OSM 666341337","osm_id":666341337,"surface":"ground","tipo":"red_vial_contexto","tolerancia_simplificacion_m":20,"vista":"territorio"},"type":"Feature"},{"geometry":{"coordinates":[[-73.60777,6.15243],[-73.60873,6.15407],[-73.60946,6.15451],[-73.61034,6.15449],[-73.61093,6.15556],[-73.61166,6.1553],[-73.61295,6.15574],[-73.61331,6.1556],[-73.61421,6.15628]],"type":"LineString"},"properties":{"advertencia":"Cartografía vial de contexto; no acredita transporte, comercialización ni exportación.","caso":"Serranía de los Agataes","crs_simplificacion_epsg":9377,"fecha_corte":"2026-08-28","fuente":"© OpenStreetMap contributors","fuente_url":"https://www.openstreetmap.org/copyright","highway":"unclassified","nombre":"Vía OSM 666341465","osm_id":666341465,"surface":"ground","tipo":"red_vial_contexto","tolerancia_simplificacion_m":20,"vista":"territorio"},"type":"Feature"},{"geometry":{"coordinates":[[-73.59417,6.16038],[-73.5938,6.16019]],"type":"LineString"},"properties":{"advertencia":"Cartografía vial de contexto; no acredita transporte, comercialización ni exportación.","caso":"Serranía de los Agataes","crs_simplificacion_epsg":9377,"fecha_corte":"2026-08-28","fuente":"© OpenStreetMap contributors","fuente_url":"https://www.openstreetmap.org/copyright","highway":"track","nombre":"Vía OSM 666341589","osm_id":666341589,"surface":"ground","tipo":"red_vial_contexto","tolerancia_simplificacion_m":20,"vista":"territorio"},"type":"Feature"},{"geometry":{"coordinates":[[-73.59388,6.15989],[-73.5928,6.15998]],"type":"LineString"},"properties":{"advertencia":"Cartografía vial de contexto; no acredita transporte, comercialización ni exportación.","caso":"Serranía de los Agataes","crs_simplificacion_epsg":9377,"fecha_corte":"2026-08-28","fuente":"© OpenStreetMap contributors","fuente_url":"https://www.openstreetmap.org/copyright","highway":"track","nombre":"Vía OSM 666341620","osm_id":666341620,"surface":"ground","tipo":"red_vial_contexto","tolerancia_simplificacion_m":20,"vista":"territorio"},"type":"Feature"},{"geometry":{"coordinates":[[-73.59406,6.16031],[-73.59277,6.16074],[-73.59224,6.16165]],"type":"LineString"},"properties":{"advertencia":"Cartografía vial de contexto; no acredita transporte, comercialización ni exportación.","caso":"Serranía de los Agataes","crs_simplificacion_epsg":9377,"fecha_corte":"2026-08-28","fuente":"© OpenStreetMap contributors","fuente_url":"https://www.openstreetmap.org/copyright","highway":"unclassified","nombre":"Vía OSM 666341982","osm_id":666341982,"surface":"ground","tipo":"red_vial_contexto","tolerancia_simplificacion_m":20,"vista":"territorio"},"type":"Feature"},{"geometry":{"coordinates":[[-73.59301,6.16059],[-73.59252,6.16054]],"type":"LineString"},"properties":{"advertencia":"Cartografía vial de contexto; no acredita transporte, comercialización ni exportación.","caso":"Serranía de los Agataes","crs_simplificacion_epsg":9377,"fecha_corte":"2026-08-28","fuente":"© OpenStreetMap contributors","fuente_url":"https://www.openstreetmap.org/copyright","highway":"track","nombre":"Vía OSM 666341985","osm_id":666341985,"surface":"ground","tipo":"red_vial_contexto","tolerancia_simplificacion_m":20,"vista":"territorio"},"type":"Feature"},{"geometry":{"coordinates":[[-73.59336,6.15926],[-73.59302,6.15854]],"type":"LineString"},"properties":{"advertencia":"Cartografía vial de contexto; no acredita transporte, comercialización ni exportación.","caso":"Serranía de los Agataes","crs_simplificacion_epsg":9377,"fecha_corte":"2026-08-28","fuente":"© OpenStreetMap contributors","fuente_url":"https://www.openstreetmap.org/copyright","highway":"track","nombre":"Vía OSM 666341996","osm_id":666341996,"surface":"ground","tipo":"red_vial_contexto","tolerancia_simplificacion_m":20,"vista":"territorio"},"type":"Feature"},{"geometry":{"coordinates":[[-73.59804,6.14038],[-73.59788,6.14014],[-73.59525,6.13985],[-73.59496,6.13933],[-73.5952,6.13906]],"type":"LineString"},"properties":{"advertencia":"Cartografía vial de contexto; no acredita transporte, comercialización ni exportación.","caso":"Serranía de los Agataes","crs_simplificacion_epsg":9377,"fecha_corte":"2026-08-28","fuente":"© OpenStreetMap contributors","fuente_url":"https://www.openstreetmap.org/copyright","highway":"track","nombre":"Vía OSM 666342142","osm_id":666342142,"surface":"ground","tipo":"red_vial_contexto","tolerancia_simplificacion_m":20,"vista":"territorio"},"type":"Feature"},{"geometry":{"coordinates":[[-73.59555,6.13984],[-73.59474,6.14055],[-73.59327,6.14013]],"type":"LineString"},"properties":{"advertencia":"Cartografía vial de contexto; no acredita transporte, comercialización ni exportación.","caso":"Serranía de los Agataes","crs_simplificacion_epsg":9377,"fecha_corte":"2026-08-28","fuente":"© OpenStreetMap contributors","fuente_url":"https://www.openstreetmap.org/copyright","highway":"track","nombre":"Vía OSM 666342159","osm_id":666342159,"surface":"ground","tipo":"red_vial_contexto","tolerancia_simplificacion_m":20,"vista":"territorio"},"type":"Feature"},{"geometry":{"coordinates":[[-73.58791,6.13664],[-73.58798,6.13583]],"type":"LineString"},"properties":{"advertencia":"Cartografía vial de contexto; no acredita transporte, comercialización ni exportación.","caso":"Serranía de los Agataes","crs_simplificacion_epsg":9377,"fecha_corte":"2026-08-28","fuente":"© OpenStreetMap contributors","fuente_url":"https://www.openstreetmap.org/copyright","highway":"track","nombre":"Vía OSM 666342325","osm_id":666342325,"surface":"ground","tipo":"red_vial_contexto","tolerancia_simplificacion_m":20,"vista":"territorio"},"type":"Feature"},{"geometry":{"coordinates":[[-73.58097,6.12792],[-73.57955,6.12752],[-73.57839,6.12774],[-73.57778,6.12755],[-73.57717,6.12782],[-73.57574,6.12497],[-73.57603,6.1244],[-73.57807,6.12402],[-73.57832,6.12305],[-73.57883,6.1236],[-73.58022,6.1236]],"type":"LineString"},"properties":{"advertencia":"Cartografía vial de contexto; no acredita transporte, comercialización ni exportación.","caso":"Serranía de los Agataes","crs_simplificacion_epsg":9377,"fecha_corte":"2026-08-28","fuente":"© OpenStreetMap contributors","fuente_url":"https://www.openstreetmap.org/copyright","highway":"track","nombre":"Vía OSM 666372616","osm_id":666372616,"surface":"ground","tipo":"red_vial_contexto","tolerancia_simplificacion_m":20,"vista":"territorio"},"type":"Feature"},{"geometry":{"coordinates":[[-73.57484,6.11855],[-73.5741,6.11912],[-73.57455,6.11981],[-73.57388,6.12086],[-73.57426,6.12137],[-73.57412,6.122]],"type":"LineString"},"properties":{"advertencia":"Cartografía vial de contexto; no acredita transporte, comercialización ni exportación.","caso":"Serranía de los Agataes","crs_simplificacion_epsg":9377,"fecha_corte":"2026-08-28","fuente":"© OpenStreetMap contributors","fuente_url":"https://www.openstreetmap.org/copyright","highway":"track","nombre":"Vía OSM 666372766","osm_id":666372766,"surface":"ground","tipo":"red_vial_contexto","tolerancia_simplificacion_m":20,"vista":"territorio"},"type":"Feature"},{"geometry":{"coordinates":[[-73.57948,6.10896],[-73.57891,6.10949],[-73.57913,6.10998],[-73.57868,6.1101],[-73.57834,6.1106],[-73.57868,6.11096],[-73.57837,6.11169],[-73.57908,6.11328],[-73.58027,6.11361],[-73.58037,6.11466],[-73.58155,6.11585]],"type":"LineString"},"properties":{"advertencia":"Cartografía vial de contexto; no acredita transporte, comercialización ni exportación.","caso":"Serranía de los Agataes","crs_simplificacion_epsg":9377,"fecha_corte":"2026-08-28","fuente":"© OpenStreetMap contributors","fuente_url":"https://www.openstreetmap.org/copyright","highway":"unclassified","nombre":"Vía OSM 666372863","osm_id":666372863,"surface":"ground","tipo":"red_vial_contexto","tolerancia_simplificacion_m":20,"vista":"territorio"},"type":"Feature"},{"geometry":{"coordinates":[[-73.57547,6.11866],[-73.57615,6.11772]],"type":"LineString"},"properties":{"advertencia":"Cartografía vial de contexto; no acredita transporte, comercialización ni exportación.","caso":"Serranía de los Agataes","crs_simplificacion_epsg":9377,"fecha_corte":"2026-08-28","fuente":"© OpenStreetMap contributors","fuente_url":"https://www.openstreetmap.org/copyright","highway":"track","nombre":"Vía OSM 666372885","osm_id":666372885,"surface":"ground","tipo":"red_vial_contexto","tolerancia_simplificacion_m":20,"vista":"territorio"},"type":"Feature"},{"geometry":{"coordinates":[[-73.57621,6.11874],[-73.5758,6.11846]],"type":"LineString"},"properties":{"advertencia":"Cartografía vial de contexto; no acredita transporte, comercialización ni exportación.","caso":"Serranía de los Agataes","crs_simplificacion_epsg":9377,"fecha_corte":"2026-08-28","fuente":"© OpenStreetMap contributors","fuente_url":"https://www.openstreetmap.org/copyright","highway":"track","nombre":"Vía OSM 666372890","osm_id":666372890,"surface":"ground","tipo":"red_vial_contexto","tolerancia_simplificacion_m":20,"vista":"territorio"},"type":"Feature"},{"geometry":{"coordinates":[[-73.60975,6.13319],[-73.60992,6.13462],[-73.61212,6.13682],[-73.61419,6.13772],[-73.61599,6.13922],[-73.61675,6.13918],[-73.61738,6.14034],[-73.6187,6.14103],[-73.62018,6.14273],[-73.62441,6.14523]],"type":"LineString"},"properties":{"advertencia":"Cartografía vial de contexto; no acredita transporte, comercialización ni exportación.","caso":"Serranía de los Agataes","crs_simplificacion_epsg":9377,"fecha_corte":"2026-08-28","fuente":"© OpenStreetMap contributors","fuente_url":"https://www.openstreetmap.org/copyright","highway":"unclassified","nombre":"Vía OSM 666671539","osm_id":666671539,"surface":"ground","tipo":"red_vial_contexto","tolerancia_simplificacion_m":20,"vista":"territorio"},"type":"Feature"},{"geometry":{"coordinates":[[-73.61382,6.12874],[-73.61415,6.12929],[-73.61521,6.12992],[-73.6157,6.13096],[-73.61617,6.13129],[-73.61683,6.13255],[-73.61711,6.13388]],"type":"LineString"},"properties":{"advertencia":"Cartografía vial de contexto; no acredita transporte, comercialización ni exportación.","caso":"Serranía de los Agataes","crs_simplificacion_epsg":9377,"fecha_corte":"2026-08-28","fuente":"© OpenStreetMap contributors","fuente_url":"https://www.openstreetmap.org/copyright","highway":"track","nombre":"Vía OSM 666671702","osm_id":666671702,"surface":"ground","tipo":"red_vial_contexto","tolerancia_simplificacion_m":20,"vista":"territorio"},"type":"Feature"},{"geometry":{"coordinates":[[-73.61521,6.12992],[-73.61773,6.12959],[-73.61843,6.13027],[-73.61881,6.13136],[-73.61978,6.13204],[-73.62045,6.13197]],"type":"LineString"},"properties":{"advertencia":"Cartografía vial de contexto; no acredita transporte, comercialización ni exportación.","caso":"Serranía de los Agataes","crs_simplificacion_epsg":9377,"fecha_corte":"2026-08-28","fuente":"© OpenStreetMap contributors","fuente_url":"https://www.openstreetmap.org/copyright","highway":"track","nombre":"Vía OSM 666671823","osm_id":666671823,"surface":"ground","tipo":"red_vial_contexto","tolerancia_simplificacion_m":20,"vista":"territorio"},"type":"Feature"},{"geometry":{"coordinates":[[-73.61353,6.12856],[-73.61291,6.12694],[-73.61123,6.12603],[-73.61124,6.12576],[-73.61184,6.12497],[-73.61411,6.12436],[-73.6153,6.12347]],"type":"LineString"},"properties":{"advertencia":"Cartografía vial de contexto; no acredita transporte, comercialización ni exportación.","caso":"Serranía de los Agataes","crs_simplificacion_epsg":9377,"fecha_corte":"2026-08-28","fuente":"© OpenStreetMap contributors","fuente_url":"https://www.openstreetmap.org/copyright","highway":"unclassified","nombre":"Vía OSM 666734800","osm_id":666734800,"surface":"ground","tipo":"red_vial_contexto","tolerancia_simplificacion_m":20,"vista":"territorio"},"type":"Feature"},{"geometry":{"coordinates":[[-73.6153,6.12347],[-73.61607,6.1247],[-73.61765,6.12601]],"type":"LineString"},"properties":{"advertencia":"Cartografía vial de contexto; no acredita transporte, comercialización ni exportación.","caso":"Serranía de los Agataes","crs_simplificacion_epsg":9377,"fecha_corte":"2026-08-28","fuente":"© OpenStreetMap contributors","fuente_url":"https://www.openstreetmap.org/copyright","highway":"unclassified","nombre":"Vía OSM 666735009","osm_id":666735009,"surface":"ground","tipo":"red_vial_contexto","tolerancia_simplificacion_m":20,"vista":"territorio"},"type":"Feature"},{"geometry":{"coordinates":[[-73.61789,6.12574],[-73.61779,6.12618],[-73.61963,6.12729]],"type":"LineString"},"properties":{"advertencia":"Cartografía vial de contexto; no acredita transporte, comercialización ni exportación.","caso":"Serranía de los Agataes","crs_simplificacion_epsg":9377,"fecha_corte":"2026-08-28","fuente":"© OpenStreetMap contributors","fuente_url":"https://www.openstreetmap.org/copyright","highway":"unclassified","nombre":"Vía OSM 666735070","osm_id":666735070,"surface":"ground","tipo":"red_vial_contexto","tolerancia_simplificacion_m":20,"vista":"territorio"},"type":"Feature"},{"geometry":{"coordinates":[[-73.61762,6.12739],[-73.6189,6.12824]],"type":"LineString"},"properties":{"advertencia":"Cartografía vial de contexto; no acredita transporte, comercialización ni exportación.","caso":"Serranía de los Agataes","crs_simplificacion_epsg":9377,"fecha_corte":"2026-08-28","fuente":"© OpenStreetMap contributors","fuente_url":"https://www.openstreetmap.org/copyright","highway":"unclassified","nombre":"Vía OSM 666735301","osm_id":666735301,"surface":"ground","tipo":"red_vial_contexto","tolerancia_simplificacion_m":20,"vista":"territorio"},"type":"Feature"},{"geometry":{"coordinates":[[-73.62221,6.11989],[-73.62036,6.12006],[-73.6194,6.1198]],"type":"LineString"},"properties":{"advertencia":"Cartografía vial de contexto; no acredita transporte, comercialización ni exportación.","caso":"Serranía de los Agataes","crs_simplificacion_epsg":9377,"fecha_corte":"2026-08-28","fuente":"© OpenStreetMap contributors","fuente_url":"https://www.openstreetmap.org/copyright","highway":"track","nombre":"Vía OSM 666735509","osm_id":666735509,"surface":"ground","tipo":"red_vial_contexto","tolerancia_simplificacion_m":20,"vista":"territorio"},"type":"Feature"},{"geometry":{"coordinates":[[-73.61889,6.12074],[-73.62071,6.11637]],"type":"LineString"},"properties":{"advertencia":"Cartografía vial de contexto; no acredita transporte, comercialización ni exportación.","caso":"Serranía de los Agataes","crs_simplificacion_epsg":9377,"fecha_corte":"2026-08-28","fuente":"© OpenStreetMap contributors","fuente_url":"https://www.openstreetmap.org/copyright","highway":"unclassified","nombre":"Vía OSM 666735623","osm_id":666735623,"surface":"ground","tipo":"red_vial_contexto","tolerancia_simplificacion_m":20,"vista":"territorio"},"type":"Feature"},{"geometry":{"coordinates":[[-73.61921,6.1053],[-73.61877,6.10504]],"type":"LineString"},"properties":{"advertencia":"Cartografía vial de contexto; no acredita transporte, comercialización ni exportación.","caso":"Serranía de los Agataes","crs_simplificacion_epsg":9377,"fecha_corte":"2026-08-28","fuente":"© OpenStreetMap contributors","fuente_url":"https://www.openstreetmap.org/copyright","highway":"service","nombre":"Vía OSM 666736293","osm_id":666736293,"surface":"ground","tipo":"red_vial_contexto","tolerancia_simplificacion_m":20,"vista":"territorio"},"type":"Feature"},{"geometry":{"coordinates":[[-73.62093,6.11539],[-73.62037,6.11493]],"type":"LineString"},"properties":{"advertencia":"Cartografía vial de contexto; no acredita transporte, comercialización ni exportación.","caso":"Serranía de los Agataes","crs_simplificacion_epsg":9377,"fecha_corte":"2026-08-28","fuente":"© OpenStreetMap contributors","fuente_url":"https://www.openstreetmap.org/copyright","highway":"service","nombre":"Vía OSM 666736473","osm_id":666736473,"surface":"ground","tipo":"red_vial_contexto","tolerancia_simplificacion_m":20,"vista":"territorio"},"type":"Feature"},{"geometry":{"coordinates":[[-73.62072,6.11437],[-73.61915,6.11535],[-73.61697,6.11622],[-73.61453,6.1167],[-73.61438,6.11734]],"type":"LineString"},"properties":{"advertencia":"Cartografía vial de contexto; no acredita transporte, comercialización ni exportación.","caso":"Serranía de los Agataes","crs_simplificacion_epsg":9377,"fecha_corte":"2026-08-28","fuente":"© OpenStreetMap contributors","fuente_url":"https://www.openstreetmap.org/copyright","highway":"track","nombre":"Vía OSM 666736531","osm_id":666736531,"surface":"ground","tipo":"red_vial_contexto","tolerancia_simplificacion_m":20,"vista":"territorio"},"type":"Feature"},{"geometry":{"coordinates":[[-73.61453,6.1167],[-73.61468,6.11603]],"type":"LineString"},"properties":{"advertencia":"Cartografía vial de contexto; no acredita transporte, comercialización ni exportación.","caso":"Serranía de los Agataes","crs_simplificacion_epsg":9377,"fecha_corte":"2026-08-28","fuente":"© OpenStreetMap contributors","fuente_url":"https://www.openstreetmap.org/copyright","highway":"track","nombre":"Vía OSM 666736555","osm_id":666736555,"surface":"ground","tipo":"red_vial_contexto","tolerancia_simplificacion_m":20,"vista":"territorio"},"type":"Feature"},{"geometry":{"coordinates":[[-73.6153,6.10999],[-73.61572,6.11129],[-73.61553,6.11176]],"type":"LineString"},"properties":{"advertencia":"Cartografía vial de contexto; no acredita transporte, comercialización ni exportación.","caso":"Serranía de los Agataes","crs_simplificacion_epsg":9377,"fecha_corte":"2026-08-28","fuente":"© OpenStreetMap contributors","fuente_url":"https://www.openstreetmap.org/copyright","highway":"track","nombre":"Vía OSM 666736948","osm_id":666736948,"surface":"ground","tipo":"red_vial_contexto","tolerancia_simplificacion_m":20,"vista":"territorio"},"type":"Feature"},{"geometry":{"coordinates":[[-73.62036,6.11032],[-73.6177,6.11057]],"type":"LineString"},"properties":{"advertencia":"Cartografía vial de contexto; no acredita transporte, comercialización ni exportación.","caso":"Serranía de los Agataes","crs_simplificacion_epsg":9377,"fecha_corte":"2026-08-28","fuente":"© OpenStreetMap contributors","fuente_url":"https://www.openstreetmap.org/copyright","highway":"track","nombre":"Vía OSM 666737297","osm_id":666737297,"surface":"ground","tipo":"red_vial_contexto","tolerancia_simplificacion_m":20,"vista":"territorio"},"type":"Feature"},{"geometry":{"coordinates":[[-73.62599,6.10777],[-73.62654,6.10849]],"type":"LineString"},"properties":{"advertencia":"Cartografía vial de contexto; no acredita transporte, comercialización ni exportación.","caso":"Serranía de los Agataes","crs_simplificacion_epsg":9377,"fecha_corte":"2026-08-28","fuente":"© OpenStreetMap contributors","fuente_url":"https://www.openstreetmap.org/copyright","highway":"service","nombre":"Vía OSM 666737424","osm_id":666737424,"surface":"ground","tipo":"red_vial_contexto","tolerancia_simplificacion_m":20,"vista":"territorio"},"type":"Feature"},{"geometry":{"coordinates":[[-73.63326,6.10514],[-73.63225,6.10502],[-73.62904,6.10281]],"type":"LineString"},"properties":{"advertencia":"Cartografía vial de contexto; no acredita transporte, comercialización ni exportación.","caso":"Serranía de los Agataes","crs_simplificacion_epsg":9377,"fecha_corte":"2026-08-28","fuente":"© OpenStreetMap contributors","fuente_url":"https://www.openstreetmap.org/copyright","highway":"track","nombre":"Vía OSM 666738153","osm_id":666738153,"surface":"ground","tipo":"red_vial_contexto","tolerancia_simplificacion_m":20,"vista":"territorio"},"type":"Feature"},{"geometry":{"coordinates":[[-73.63509,6.10252],[-73.63596,6.103],[-73.63642,6.10534],[-73.63578,6.10823],[-73.63654,6.11256]],"type":"LineString"},"properties":{"advertencia":"Cartografía vial de contexto; no acredita transporte, comercialización ni exportación.","caso":"Serranía de los Agataes","crs_simplificacion_epsg":9377,"fecha_corte":"2026-08-28","fuente":"© OpenStreetMap contributors","fuente_url":"https://www.openstreetmap.org/copyright","highway":"track","nombre":"Vía OSM 666738207","osm_id":666738207,"surface":"ground","tipo":"red_vial_contexto","tolerancia_simplificacion_m":20,"vista":"territorio"},"type":"Feature"},{"geometry":{"coordinates":[[-73.636,6.10327],[-73.6377,6.1038]],"type":"LineString"},"properties":{"advertencia":"Cartografía vial de contexto; no acredita transporte, comercialización ni exportación.","caso":"Serranía de los Agataes","crs_simplificacion_epsg":9377,"fecha_corte":"2026-08-28","fuente":"© OpenStreetMap contributors","fuente_url":"https://www.openstreetmap.org/copyright","highway":"track","nombre":"Vía OSM 666738254","osm_id":666738254,"surface":"ground","tipo":"red_vial_contexto","tolerancia_simplificacion_m":20,"vista":"territorio"},"type":"Feature"},{"geometry":{"coordinates":[[-73.63676,6.10351],[-73.63714,6.10311]],"type":"LineString"},"properties":{"advertencia":"Cartografía vial de contexto; no acredita transporte, comercialización ni exportación.","caso":"Serranía de los Agataes","crs_simplificacion_epsg":9377,"fecha_corte":"2026-08-28","fuente":"© OpenStreetMap contributors","fuente_url":"https://www.openstreetmap.org/copyright","highway":"service","nombre":"Vía OSM 666738349","osm_id":666738349,"surface":"ground","tipo":"red_vial_contexto","tolerancia_simplificacion_m":20,"vista":"territorio"},"type":"Feature"},{"geometry":{"coordinates":[[-73.56359,6.0856],[-73.56234,6.08751],[-73.56222,6.08847],[-73.56272,6.0893],[-73.56295,6.0892]],"type":"LineString"},"properties":{"advertencia":"Cartografía vial de contexto; no acredita transporte, comercialización ni exportación.","caso":"Serranía de los Agataes","crs_simplificacion_epsg":9377,"fecha_corte":"2026-08-28","fuente":"© OpenStreetMap contributors","fuente_url":"https://www.openstreetmap.org/copyright","highway":"track","nombre":"Vía OSM 666750349","osm_id":666750349,"surface":"ground","tipo":"red_vial_contexto","tolerancia_simplificacion_m":20,"vista":"territorio"},"type":"Feature"},{"geometry":{"coordinates":[[-73.54983,6.10609],[-73.55016,6.1068],[-73.55097,6.10731],[-73.55143,6.10871],[-73.5518,6.10859],[-73.55181,6.10927],[-73.55248,6.10855],[-73.55294,6.10867],[-73.55334,6.10941],[-73.55363,6.10929],[-73.55389,6.10847],[-73.55473,6.10836],[-73.5548,6.10902],[-73.55613,6.10848],[-73.55852,6.10838],[-73.55854,6.10876],[-73.55907,6.10849],[-73.55899,6.10891],[-73.56008,6.10884],[-73.55939,6.1093],[-73.55942,6.1095],[-73.55999,6.10945],[-73.55932,6.11003],[-73.55879,6.11167],[-73.55933,6.11143],[-73.55975,6.11185],[-73.56012,6.11154],[-73.56046,6.11237],[-73.56144,6.11122],[-73.56251,6.11109],[-73.56283,6.11276],[-73.56428,6.11265]],"type":"LineString"},"properties":{"advertencia":"Cartografía vial de contexto; no acredita transporte, comercialización ni exportación.","caso":"Serranía de los Agataes","crs_simplificacion_epsg":9377,"fecha_corte":"2026-08-28","fuente":"© OpenStreetMap contributors","fuente_url":"https://www.openstreetmap.org/copyright","highway":"track","nombre":"Vía OSM 666754243","osm_id":666754243,"surface":null,"tipo":"red_vial_contexto","tolerancia_simplificacion_m":20,"vista":"territorio"},"type":"Feature"},{"geometry":{"coordinates":[[-73.57948,6.10896],[-73.57846,6.10909],[-73.57716,6.10796],[-73.57665,6.10806],[-73.57454,6.10749],[-73.57336,6.10784],[-73.57279,6.10881],[-73.57135,6.1097]],"type":"LineString"},"properties":{"advertencia":"Cartografía vial de contexto; no acredita transporte, comercialización ni exportación.","caso":"Serranía de los Agataes","crs_simplificacion_epsg":9377,"fecha_corte":"2026-08-28","fuente":"© OpenStreetMap contributors","fuente_url":"https://www.openstreetmap.org/copyright","highway":"track","nombre":"Vía OSM 667903052","osm_id":667903052,"surface":"ground","tipo":"red_vial_contexto","tolerancia_simplificacion_m":20,"vista":"territorio"},"type":"Feature"},{"geometry":{"coordinates":[[-73.57454,6.10749],[-73.57521,6.10631]],"type":"LineString"},"properties":{"advertencia":"Cartografía vial de contexto; no acredita transporte, comercialización ni exportación.","caso":"Serranía de los Agataes","crs_simplificacion_epsg":9377,"fecha_corte":"2026-08-28","fuente":"© OpenStreetMap contributors","fuente_url":"https://www.openstreetmap.org/copyright","highway":"track","nombre":"Vía OSM 667903288","osm_id":667903288,"surface":"ground","tipo":"red_vial_contexto","tolerancia_simplificacion_m":20,"vista":"territorio"},"type":"Feature"},{"geometry":{"coordinates":[[-73.57716,6.10796],[-73.57629,6.10908],[-73.57645,6.10967]],"type":"LineString"},"properties":{"advertencia":"Cartografía vial de contexto; no acredita transporte, comercialización ni exportación.","caso":"Serranía de los Agataes","crs_simplificacion_epsg":9377,"fecha_corte":"2026-08-28","fuente":"© OpenStreetMap contributors","fuente_url":"https://www.openstreetmap.org/copyright","highway":"track","nombre":"Vía OSM 667903398","osm_id":667903398,"surface":"ground","tipo":"red_vial_contexto","tolerancia_simplificacion_m":20,"vista":"territorio"},"type":"Feature"},{"geometry":{"coordinates":[[-73.58014,6.10841],[-73.57911,6.1077]],"type":"LineString"},"properties":{"advertencia":"Cartografía vial de contexto; no acredita transporte, comercialización ni exportación.","caso":"Serranía de los Agataes","crs_simplificacion_epsg":9377,"fecha_corte":"2026-08-28","fuente":"© OpenStreetMap contributors","fuente_url":"https://www.openstreetmap.org/copyright","highway":"track","nombre":"Vía OSM 667903649","osm_id":667903649,"surface":"ground","tipo":"red_vial_contexto","tolerancia_simplificacion_m":20,"vista":"territorio"},"type":"Feature"},{"geometry":{"coordinates":[[-73.61367,6.07708],[-73.61234,6.07685],[-73.60681,6.07868],[-73.60602,6.08036],[-73.60447,6.08146],[-73.60445,6.08305],[-73.6039,6.08427],[-73.60275,6.08521],[-73.60074,6.08457],[-73.59944,6.08574],[-73.59841,6.08597],[-73.59811,6.08725],[-73.59728,6.08767],[-73.59611,6.08775],[-73.5966,6.08864],[-73.59662,6.08943],[-73.5964,6.08981],[-73.59525,6.08994],[-73.59506,6.09064],[-73.59299,6.09099],[-73.59061,6.09072],[-73.59033,6.08931]],"type":"LineString"},"properties":{"advertencia":"Cartografía vial de contexto; no acredita transporte, comercialización ni exportación.","caso":"Serranía de los Agataes","crs_simplificacion_epsg":9377,"fecha_corte":"2026-08-28","fuente":"© OpenStreetMap contributors","fuente_url":"https://www.openstreetmap.org/copyright","highway":"track","nombre":"Vía OSM 667906275","osm_id":667906275,"surface":"ground","tipo":"red_vial_contexto","tolerancia_simplificacion_m":20,"vista":"territorio"},"type":"Feature"},{"geometry":{"coordinates":[[-73.59636,6.08767],[-73.59486,6.08569],[-73.59374,6.08522],[-73.59344,6.0848],[-73.59331,6.08534],[-73.59283,6.08519],[-73.59378,6.08656],[-73.59353,6.08723],[-73.59402,6.089],[-73.59429,6.08911]],"type":"LineString"},"properties":{"advertencia":"Cartografía vial de contexto; no acredita transporte, comercialización ni exportación.","caso":"Serranía de los Agataes","crs_simplificacion_epsg":9377,"fecha_corte":"2026-08-28","fuente":"© OpenStreetMap contributors","fuente_url":"https://www.openstreetmap.org/copyright","highway":"track","nombre":"Vía OSM 667907327","osm_id":667907327,"surface":"ground","tipo":"red_vial_contexto","tolerancia_simplificacion_m":20,"vista":"territorio"},"type":"Feature"},{"geometry":{"coordinates":[[-73.59525,6.08994],[-73.59497,6.08925]],"type":"LineString"},"properties":{"advertencia":"Cartografía vial de contexto; no acredita transporte, comercialización ni exportación.","caso":"Serranía de los Agataes","crs_simplificacion_epsg":9377,"fecha_corte":"2026-08-28","fuente":"© OpenStreetMap contributors","fuente_url":"https://www.openstreetmap.org/copyright","highway":"service","nombre":"Vía OSM 667907364","osm_id":667907364,"surface":"ground","tipo":"red_vial_contexto","tolerancia_simplificacion_m":20,"vista":"territorio"},"type":"Feature"},{"geometry":{"coordinates":[[-73.60014,6.0852],[-73.60107,6.08757],[-73.60057,6.0891],[-73.60189,6.09058],[-73.59948,6.09169],[-73.60001,6.09183],[-73.60049,6.09241],[-73.60302,6.09195]],"type":"LineString"},"properties":{"advertencia":"Cartografía vial de contexto; no acredita transporte, comercialización ni exportación.","caso":"Serranía de los Agataes","crs_simplificacion_epsg":9377,"fecha_corte":"2026-08-28","fuente":"© OpenStreetMap contributors","fuente_url":"https://www.openstreetmap.org/copyright","highway":"track","nombre":"Vía OSM 667907815","osm_id":667907815,"surface":"ground","tipo":"red_vial_contexto","tolerancia_simplificacion_m":20,"vista":"territorio"},"type":"Feature"},{"geometry":{"coordinates":[[-73.59954,6.09159],[-73.59865,6.09194],[-73.59788,6.09184]],"type":"LineString"},"properties":{"advertencia":"Cartografía vial de contexto; no acredita transporte, comercialización ni exportación.","caso":"Serranía de los Agataes","crs_simplificacion_epsg":9377,"fecha_corte":"2026-08-28","fuente":"© OpenStreetMap contributors","fuente_url":"https://www.openstreetmap.org/copyright","highway":"track","nombre":"Vía OSM 667908152","osm_id":667908152,"surface":"ground","tipo":"red_vial_contexto","tolerancia_simplificacion_m":20,"vista":"territorio"},"type":"Feature"},{"geometry":{"coordinates":[[-73.59662,6.08943],[-73.5967,6.09058],[-73.59625,6.09135],[-73.59596,6.09304],[-73.59642,6.09408],[-73.59556,6.09722],[-73.59616,6.09774],[-73.59622,6.09836],[-73.59564,6.0986],[-73.59552,6.09931],[-73.59487,6.1],[-73.59561,6.10054],[-73.59571,6.10125]],"type":"LineString"},"properties":{"advertencia":"Cartografía vial de contexto; no acredita transporte, comercialización ni exportación.","caso":"Serranía de los Agataes","crs_simplificacion_epsg":9377,"fecha_corte":"2026-08-28","fuente":"© OpenStreetMap contributors","fuente_url":"https://www.openstreetmap.org/copyright","highway":"track","nombre":"Vía OSM 667908496","osm_id":667908496,"surface":"ground","tipo":"red_vial_contexto","tolerancia_simplificacion_m":20,"vista":"territorio"},"type":"Feature"},{"geometry":{"coordinates":[[-73.5952,6.09052],[-73.59453,6.09389],[-73.59622,6.09449]],"type":"LineString"},"properties":{"advertencia":"Cartografía vial de contexto; no acredita transporte, comercialización ni exportación.","caso":"Serranía de los Agataes","crs_simplificacion_epsg":9377,"fecha_corte":"2026-08-28","fuente":"© OpenStreetMap contributors","fuente_url":"https://www.openstreetmap.org/copyright","highway":"track","nombre":"Vía OSM 667908554","osm_id":667908554,"surface":"ground","tipo":"red_vial_contexto","tolerancia_simplificacion_m":20,"vista":"territorio"},"type":"Feature"},{"geometry":{"coordinates":[[-73.59596,6.09304],[-73.59455,6.09365]],"type":"LineString"},"properties":{"advertencia":"Cartografía vial de contexto; no acredita transporte, comercialización ni exportación.","caso":"Serranía de los Agataes","crs_simplificacion_epsg":9377,"fecha_corte":"2026-08-28","fuente":"© OpenStreetMap contributors","fuente_url":"https://www.openstreetmap.org/copyright","highway":"track","nombre":"Vía OSM 667908954","osm_id":667908954,"surface":"ground","tipo":"red_vial_contexto","tolerancia_simplificacion_m":20,"vista":"territorio"},"type":"Feature"},{"geometry":{"coordinates":[[-73.5868,6.14919],[-73.58669,6.14934],[-73.58611,6.1487],[-73.58634,6.14918],[-73.58621,6.14988],[-73.58549,6.15001],[-73.58575,6.15063],[-73.58441,6.1504],[-73.58455,6.15088],[-73.58365,6.1509],[-73.58367,6.15126],[-73.58333,6.15105],[-73.5821,6.15229],[-73.57937,6.15189]],"type":"LineString"},"properties":{"advertencia":"Cartografía vial de contexto; no acredita transporte, comercialización ni exportación.","caso":"Serranía de los Agataes","crs_simplificacion_epsg":9377,"fecha_corte":"2026-08-28","fuente":"© OpenStreetMap contributors","fuente_url":"https://www.openstreetmap.org/copyright","highway":"unclassified","nombre":"Vía OSM 700881903","osm_id":700881903,"surface":"ground","tipo":"red_vial_contexto","tolerancia_simplificacion_m":20,"vista":"territorio"},"type":"Feature"},{"geometry":{"coordinates":[[-73.58281,6.15171],[-73.58197,6.15117],[-73.58164,6.15013],[-73.58118,6.1501]],"type":"LineString"},"properties":{"advertencia":"Cartografía vial de contexto; no acredita transporte, comercialización ni exportación.","caso":"Serranía de los Agataes","crs_simplificacion_epsg":9377,"fecha_corte":"2026-08-28","fuente":"© OpenStreetMap contributors","fuente_url":"https://www.openstreetmap.org/copyright","highway":"unclassified","nombre":"Vía OSM 706200250","osm_id":706200250,"surface":"ground","tipo":"red_vial_contexto","tolerancia_simplificacion_m":20,"vista":"territorio"},"type":"Feature"},{"geometry":{"coordinates":[[-73.58197,6.15233],[-73.58326,6.15355],[-73.58456,6.15339],[-73.5848,6.15373],[-73.58546,6.15351],[-73.58618,6.15443]],"type":"LineString"},"properties":{"advertencia":"Cartografía vial de contexto; no acredita transporte, comercialización ni exportación.","caso":"Serranía de los Agataes","crs_simplificacion_epsg":9377,"fecha_corte":"2026-08-28","fuente":"© OpenStreetMap contributors","fuente_url":"https://www.openstreetmap.org/copyright","highway":"unclassified","nombre":"Vía OSM 706200801","osm_id":706200801,"surface":"ground","tipo":"red_vial_contexto","tolerancia_simplificacion_m":20,"vista":"territorio"},"type":"Feature"},{"geometry":{"coordinates":[[-73.5906,6.14662],[-73.58962,6.14641],[-73.59,6.14602],[-73.5881,6.14473]],"type":"LineString"},"properties":{"advertencia":"Cartografía vial de contexto; no acredita transporte, comercialización ni exportación.","caso":"Serranía de los Agataes","crs_simplificacion_epsg":9377,"fecha_corte":"2026-08-28","fuente":"© OpenStreetMap contributors","fuente_url":"https://www.openstreetmap.org/copyright","highway":"unclassified","nombre":"Vía OSM 706200991","osm_id":706200991,"surface":"ground","tipo":"red_vial_contexto","tolerancia_simplificacion_m":20,"vista":"territorio"},"type":"Feature"},{"geometry":{"coordinates":[[-73.59377,6.16747],[-73.59396,6.16616]],"type":"LineString"},"properties":{"advertencia":"Cartografía vial de contexto; no acredita transporte, comercialización ni exportación.","caso":"Serranía de los Agataes","crs_simplificacion_epsg":9377,"fecha_corte":"2026-08-28","fuente":"© OpenStreetMap contributors","fuente_url":"https://www.openstreetmap.org/copyright","highway":"unclassified","nombre":"Vía OSM 706201148","osm_id":706201148,"surface":"ground","tipo":"red_vial_contexto","tolerancia_simplificacion_m":20,"vista":"territorio"},"type":"Feature"},{"geometry":{"coordinates":[[-73.58622,6.15457],[-73.58651,6.15454],[-73.58677,6.15555],[-73.58617,6.15542],[-73.58572,6.15568],[-73.58656,6.15625],[-73.58559,6.15646],[-73.58626,6.15847]],"type":"LineString"},"properties":{"advertencia":"Cartografía vial de contexto; no acredita transporte, comercialización ni exportación.","caso":"Serranía de los Agataes","crs_simplificacion_epsg":9377,"fecha_corte":"2026-08-28","fuente":"© OpenStreetMap contributors","fuente_url":"https://www.openstreetmap.org/copyright","highway":"unclassified","nombre":"Vía OSM 706201570","osm_id":706201570,"surface":"ground","tipo":"red_vial_contexto","tolerancia_simplificacion_m":20,"vista":"territorio"},"type":"Feature"},{"geometry":{"coordinates":[[-73.66507,6.2297],[-73.66207,6.22765],[-73.66089,6.22581],[-73.66012,6.22328],[-73.65914,6.22272],[-73.65809,6.22101],[-73.65464,6.21925]],"type":"LineString"},"properties":{"advertencia":"Cartografía vial de contexto; no acredita transporte, comercialización ni exportación.","caso":"Serranía de los Agataes","crs_simplificacion_epsg":9377,"fecha_corte":"2026-08-28","fuente":"© OpenStreetMap contributors","fuente_url":"https://www.openstreetmap.org/copyright","highway":"unclassified","nombre":"Vía OSM 706379373","osm_id":706379373,"surface":"ground","tipo":"red_vial_contexto","tolerancia_simplificacion_m":20,"vista":"territorio"},"type":"Feature"},{"geometry":{"coordinates":[[-73.58544,6.1099],[-73.58493,6.11121],[-73.58423,6.112]],"type":"LineString"},"properties":{"advertencia":"Cartografía vial de contexto; no acredita transporte, comercialización ni exportación.","caso":"Serranía de los Agataes","crs_simplificacion_epsg":9377,"fecha_corte":"2026-08-28","fuente":"© OpenStreetMap contributors","fuente_url":"https://www.openstreetmap.org/copyright","highway":"track","nombre":"Vía OSM 707120210","osm_id":707120210,"surface":"ground","tipo":"red_vial_contexto","tolerancia_simplificacion_m":20,"vista":"territorio"},"type":"Feature"},{"geometry":{"coordinates":[[-73.62719,6.11347],[-73.62781,6.11552],[-73.62851,6.11589],[-73.62846,6.11664],[-73.62809,6.11716]],"type":"LineString"},"properties":{"advertencia":"Cartografía vial de contexto; no acredita transporte, comercialización ni exportación.","caso":"Serranía de los Agataes","crs_simplificacion_epsg":9377,"fecha_corte":"2026-08-28","fuente":"© OpenStreetMap contributors","fuente_url":"https://www.openstreetmap.org/copyright","highway":"track","nombre":"Vía OSM 714628475","osm_id":714628475,"surface":"ground","tipo":"red_vial_contexto","tolerancia_simplificacion_m":20,"vista":"territorio"},"type":"Feature"},{"geometry":{"coordinates":[[-73.62839,6.11683],[-73.63007,6.1166],[-73.63162,6.11746]],"type":"LineString"},"properties":{"advertencia":"Cartografía vial de contexto; no acredita transporte, comercialización ni exportación.","caso":"Serranía de los Agataes","crs_simplificacion_epsg":9377,"fecha_corte":"2026-08-28","fuente":"© OpenStreetMap contributors","fuente_url":"https://www.openstreetmap.org/copyright","highway":"track","nombre":"Vía OSM 714628478","osm_id":714628478,"surface":"ground","tipo":"red_vial_contexto","tolerancia_simplificacion_m":20,"vista":"territorio"},"type":"Feature"},{"geometry":{"coordinates":[[-73.59552,6.12747],[-73.59509,6.12825],[-73.59542,6.129],[-73.59505,6.13036],[-73.59423,6.13078],[-73.5931,6.13263],[-73.59561,6.13585],[-73.5958,6.1369]],"type":"LineString"},"properties":{"advertencia":"Cartografía vial de contexto; no acredita transporte, comercialización ni exportación.","caso":"Serranía de los Agataes","crs_simplificacion_epsg":9377,"fecha_corte":"2026-08-28","fuente":"© OpenStreetMap contributors","fuente_url":"https://www.openstreetmap.org/copyright","highway":"track","nombre":"Vía OSM 714628789","osm_id":714628789,"surface":"ground","tipo":"red_vial_contexto","tolerancia_simplificacion_m":20,"vista":"territorio"},"type":"Feature"},{"geometry":{"coordinates":[[-73.5931,6.13263],[-73.5916,6.13244],[-73.58981,6.13165],[-73.58869,6.13397]],"type":"LineString"},"properties":{"advertencia":"Cartografía vial de contexto; no acredita transporte, comercialización ni exportación.","caso":"Serranía de los Agataes","crs_simplificacion_epsg":9377,"fecha_corte":"2026-08-28","fuente":"© OpenStreetMap contributors","fuente_url":"https://www.openstreetmap.org/copyright","highway":"track","nombre":"Vía OSM 714628812","osm_id":714628812,"surface":"ground","tipo":"red_vial_contexto","tolerancia_simplificacion_m":20,"vista":"territorio"},"type":"Feature"},{"geometry":{"coordinates":[[-73.57512,6.1322],[-73.57198,6.13221],[-73.5721,6.13157],[-73.57124,6.13165],[-73.57171,6.13112],[-73.57118,6.13059]],"type":"LineString"},"properties":{"advertencia":"Cartografía vial de contexto; no acredita transporte, comercialización ni exportación.","caso":"Serranía de los Agataes","crs_simplificacion_epsg":9377,"fecha_corte":"2026-08-28","fuente":"© OpenStreetMap contributors","fuente_url":"https://www.openstreetmap.org/copyright","highway":"track","nombre":"Vía OSM 714628920","osm_id":714628920,"surface":"ground","tipo":"red_vial_contexto","tolerancia_simplificacion_m":20,"vista":"territorio"},"type":"Feature"},{"geometry":{"coordinates":[[-73.57286,6.11682],[-73.57258,6.11637],[-73.57294,6.11619],[-73.57314,6.11539]],"type":"LineString"},"properties":{"advertencia":"Cartografía vial de contexto; no acredita transporte, comercialización ni exportación.","caso":"Serranía de los Agataes","crs_simplificacion_epsg":9377,"fecha_corte":"2026-08-28","fuente":"© OpenStreetMap contributors","fuente_url":"https://www.openstreetmap.org/copyright","highway":"track","nombre":"Vía OSM 714641013","osm_id":714641013,"surface":"ground","tipo":"red_vial_contexto","tolerancia_simplificacion_m":20,"vista":"territorio"},"type":"Feature"},{"geometry":{"coordinates":[[-73.57286,6.11682],[-73.57279,6.11743],[-73.57213,6.11816],[-73.57131,6.11998]],"type":"LineString"},"properties":{"advertencia":"Cartografía vial de contexto; no acredita transporte, comercialización ni exportación.","caso":"Serranía de los Agataes","crs_simplificacion_epsg":9377,"fecha_corte":"2026-08-28","fuente":"© OpenStreetMap contributors","fuente_url":"https://www.openstreetmap.org/copyright","highway":"track","nombre":"Vía OSM 714651119","osm_id":714651119,"surface":"ground","tipo":"red_vial_contexto","tolerancia_simplificacion_m":20,"vista":"territorio"},"type":"Feature"},{"geometry":{"coordinates":[[-73.57272,6.11694],[-73.57228,6.11741],[-73.5724,6.11775]],"type":"LineString"},"properties":{"advertencia":"Cartografía vial de contexto; no acredita transporte, comercialización ni exportación.","caso":"Serranía de los Agataes","crs_simplificacion_epsg":9377,"fecha_corte":"2026-08-28","fuente":"© OpenStreetMap contributors","fuente_url":"https://www.openstreetmap.org/copyright","highway":"track","nombre":"Vía OSM 714653139","osm_id":714653139,"surface":"ground","tipo":"red_vial_contexto","tolerancia_simplificacion_m":20,"vista":"territorio"},"type":"Feature"},{"geometry":{"coordinates":[[-73.57868,6.1638],[-73.57866,6.1644],[-73.57772,6.1653],[-73.57801,6.16651],[-73.57598,6.16644],[-73.57562,6.16677],[-73.5758,6.16716],[-73.57682,6.16763],[-73.57627,6.16877],[-73.57623,6.17054],[-73.57663,6.17078],[-73.57587,6.17152],[-73.57526,6.17308],[-73.57471,6.17338],[-73.57521,6.17375],[-73.57662,6.17394],[-73.57587,6.17465],[-73.57564,6.17566]],"type":"LineString"},"properties":{"advertencia":"Cartografía vial de contexto; no acredita transporte, comercialización ni exportación.","caso":"Serranía de los Agataes","crs_simplificacion_epsg":9377,"fecha_corte":"2026-08-28","fuente":"© OpenStreetMap contributors","fuente_url":"https://www.openstreetmap.org/copyright","highway":"unclassified","nombre":"Vía OSM 714742314","osm_id":714742314,"surface":"ground","tipo":"red_vial_contexto","tolerancia_simplificacion_m":20,"vista":"territorio"},"type":"Feature"},{"geometry":{"coordinates":[[-73.57477,6.16152],[-73.57551,6.16093],[-73.57604,6.16087]],"type":"LineString"},"properties":{"advertencia":"Cartografía vial de contexto; no acredita transporte, comercialización ni exportación.","caso":"Serranía de los Agataes","crs_simplificacion_epsg":9377,"fecha_corte":"2026-08-28","fuente":"© OpenStreetMap contributors","fuente_url":"https://www.openstreetmap.org/copyright","highway":"unclassified","nombre":"Vía OSM 714742599","osm_id":714742599,"surface":"ground","tipo":"red_vial_contexto","tolerancia_simplificacion_m":20,"vista":"territorio"},"type":"Feature"},{"geometry":{"coordinates":[[-73.67379,6.21367],[-73.67302,6.21293],[-73.67178,6.21243],[-73.6711,6.21079],[-73.67052,6.21015],[-73.66922,6.21063],[-73.66828,6.21011],[-73.66508,6.2105],[-73.66466,6.21024],[-73.66256,6.21172],[-73.6619,6.2111]],"type":"LineString"},"properties":{"advertencia":"Cartografía vial de contexto; no acredita transporte, comercialización ni exportación.","caso":"Serranía de los Agataes","crs_simplificacion_epsg":9377,"fecha_corte":"2026-08-28","fuente":"© OpenStreetMap contributors","fuente_url":"https://www.openstreetmap.org/copyright","highway":"unclassified","nombre":"Vía OSM 737083497","osm_id":737083497,"surface":"ground","tipo":"red_vial_contexto","tolerancia_simplificacion_m":20,"vista":"territorio"},"type":"Feature"},{"geometry":{"coordinates":[[-73.59409,6.15597],[-73.59484,6.15821],[-73.59461,6.1592]],"type":"LineString"},"properties":{"advertencia":"Cartografía vial de contexto; no acredita transporte, comercialización ni exportación.","caso":"Serranía de los Agataes","crs_simplificacion_epsg":9377,"fecha_corte":"2026-08-28","fuente":"© OpenStreetMap contributors","fuente_url":"https://www.openstreetmap.org/copyright","highway":"unclassified","nombre":"Vía OSM 755655234","osm_id":755655234,"surface":"grass","tipo":"red_vial_contexto","tolerancia_simplificacion_m":20,"vista":"territorio"},"type":"Feature"},{"geometry":{"coordinates":[[-73.5875,6.1783],[-73.58754,6.17768]],"type":"LineString"},"properties":{"advertencia":"Cartografía vial de contexto; no acredita transporte, comercialización ni exportación.","caso":"Serranía de los Agataes","crs_simplificacion_epsg":9377,"fecha_corte":"2026-08-28","fuente":"© OpenStreetMap contributors","fuente_url":"https://www.openstreetmap.org/copyright","highway":"residential","nombre":"Carrera 1","osm_id":772951182,"surface":null,"tipo":"red_vial_contexto","tolerancia_simplificacion_m":20,"vista":"territorio"},"type":"Feature"},{"geometry":{"coordinates":[[-73.58622,6.15457],[-73.58618,6.15443]],"type":"LineString"},"properties":{"advertencia":"Cartografía vial de contexto; no acredita transporte, comercialización ni exportación.","caso":"Serranía de los Agataes","crs_simplificacion_epsg":9377,"fecha_corte":"2026-08-28","fuente":"© OpenStreetMap contributors","fuente_url":"https://www.openstreetmap.org/copyright","highway":"unclassified","nombre":"Vía OSM 772951960","osm_id":772951960,"surface":null,"tipo":"red_vial_contexto","tolerancia_simplificacion_m":20,"vista":"territorio"},"type":"Feature"},{"geometry":{"coordinates":[[-73.59667,6.14403],[-73.5973,6.14319],[-73.59715,6.14206],[-73.59761,6.14022]],"type":"LineString"},"properties":{"advertencia":"Cartografía vial de contexto; no acredita transporte, comercialización ni exportación.","caso":"Serranía de los Agataes","crs_simplificacion_epsg":9377,"fecha_corte":"2026-08-28","fuente":"© OpenStreetMap contributors","fuente_url":"https://www.openstreetmap.org/copyright","highway":"unclassified","nombre":"Vía OSM 772952691","osm_id":772952691,"surface":null,"tipo":"red_vial_contexto","tolerancia_simplificacion_m":20,"vista":"territorio"},"type":"Feature"},{"geometry":{"coordinates":[[-73.5885,6.1488],[-73.58903,6.15078]],"type":"LineString"},"properties":{"advertencia":"Cartografía vial de contexto; no acredita transporte, comercialización ni exportación.","caso":"Serranía de los Agataes","crs_simplificacion_epsg":9377,"fecha_corte":"2026-08-28","fuente":"© OpenStreetMap contributors","fuente_url":"https://www.openstreetmap.org/copyright","highway":"track","nombre":"Vía OSM 772952751","osm_id":772952751,"surface":"dirt","tipo":"red_vial_contexto","tolerancia_simplificacion_m":20,"vista":"territorio"},"type":"Feature"},{"geometry":{"coordinates":[[-73.58262,6.17844],[-73.58268,6.1783]],"type":"LineString"},"properties":{"advertencia":"Cartografía vial de contexto; no acredita transporte, comercialización ni exportación.","caso":"Serranía de los Agataes","crs_simplificacion_epsg":9377,"fecha_corte":"2026-08-28","fuente":"© OpenStreetMap contributors","fuente_url":"https://www.openstreetmap.org/copyright","highway":"unclassified","nombre":"Vía OSM 772985468","osm_id":772985468,"surface":"paved","tipo":"red_vial_contexto","tolerancia_simplificacion_m":20,"vista":"territorio"},"type":"Feature"},{"geometry":{"coordinates":[[-73.58268,6.1783],[-73.58136,6.17661],[-73.58021,6.17633],[-73.57814,6.17418],[-73.57726,6.17383],[-73.57662,6.17394]],"type":"LineString"},"properties":{"advertencia":"Cartografía vial de contexto; no acredita transporte, comercialización ni exportación.","caso":"Serranía de los Agataes","crs_simplificacion_epsg":9377,"fecha_corte":"2026-08-28","fuente":"© OpenStreetMap contributors","fuente_url":"https://www.openstreetmap.org/copyright","highway":"unclassified","nombre":"Vía OSM 772985898","osm_id":772985898,"surface":null,"tipo":"red_vial_contexto","tolerancia_simplificacion_m":20,"vista":"territorio"},"type":"Feature"},{"geometry":{"coordinates":[[-73.57937,6.15189],[-73.57943,6.15399],[-73.57909,6.15512],[-73.57821,6.15639],[-73.57818,6.15729],[-73.57946,6.15783],[-73.58,6.15881],[-73.57975,6.16068],[-73.57799,6.16205],[-73.57868,6.1638]],"type":"LineString"},"properties":{"advertencia":"Cartografía vial de contexto; no acredita transporte, comercialización ni exportación.","caso":"Serranía de los Agataes","crs_simplificacion_epsg":9377,"fecha_corte":"2026-08-28","fuente":"© OpenStreetMap contributors","fuente_url":"https://www.openstreetmap.org/copyright","highway":"unclassified","nombre":"Vía OSM 772987026","osm_id":772987026,"surface":"dirt","tipo":"red_vial_contexto","tolerancia_simplificacion_m":20,"vista":"territorio"},"type":"Feature"},{"geometry":{"coordinates":[[-73.57936,6.15775],[-73.57906,6.15778],[-73.57913,6.1596],[-73.57843,6.15963],[-73.5772,6.16076],[-73.57604,6.16087]],"type":"LineString"},"properties":{"advertencia":"Cartografía vial de contexto; no acredita transporte, comercialización ni exportación.","caso":"Serranía de los Agataes","crs_simplificacion_epsg":9377,"fecha_corte":"2026-08-28","fuente":"© OpenStreetMap contributors","fuente_url":"https://www.openstreetmap.org/copyright","highway":"unclassified","nombre":"Vía OSM 772987329","osm_id":772987329,"surface":"dirt","tipo":"red_vial_contexto","tolerancia_simplificacion_m":20,"vista":"territorio"},"type":"Feature"},{"geometry":{"coordinates":[[-73.56736,6.14637],[-73.56915,6.1469],[-73.57005,6.14788],[-73.57422,6.14875],[-73.57538,6.15017],[-73.57937,6.15189]],"type":"LineString"},"properties":{"advertencia":"Cartografía vial de contexto; no acredita transporte, comercialización ni exportación.","caso":"Serranía de los Agataes","crs_simplificacion_epsg":9377,"fecha_corte":"2026-08-28","fuente":"© OpenStreetMap contributors","fuente_url":"https://www.openstreetmap.org/copyright","highway":"unclassified","nombre":"Vía OSM 772987741","osm_id":772987741,"surface":"dirt","tipo":"red_vial_contexto","tolerancia_simplificacion_m":20,"vista":"territorio"},"type":"Feature"},{"geometry":{"coordinates":[[-73.59563,6.137],[-73.59581,6.13843],[-73.5952,6.13906]],"type":"LineString"},"properties":{"advertencia":"Cartografía vial de contexto; no acredita transporte, comercialización ni exportación.","caso":"Serranía de los Agataes","crs_simplificacion_epsg":9377,"fecha_corte":"2026-08-28","fuente":"© OpenStreetMap contributors","fuente_url":"https://www.openstreetmap.org/copyright","highway":"track","nombre":"Vía OSM 772987875","osm_id":772987875,"surface":"dirt","tipo":"red_vial_contexto","tolerancia_simplificacion_m":20,"vista":"territorio"},"type":"Feature"},{"geometry":{"coordinates":[[-73.59242,6.14528],[-73.59432,6.14586],[-73.59475,6.14643],[-73.59501,6.14773]],"type":"LineString"},"properties":{"advertencia":"Cartografía vial de contexto; no acredita transporte, comercialización ni exportación.","caso":"Serranía de los Agataes","crs_simplificacion_epsg":9377,"fecha_corte":"2026-08-28","fuente":"© OpenStreetMap contributors","fuente_url":"https://www.openstreetmap.org/copyright","highway":"unclassified","nombre":"Vía OSM 772988198","osm_id":772988198,"surface":"dirt","tipo":"red_vial_contexto","tolerancia_simplificacion_m":20,"vista":"territorio"},"type":"Feature"},{"geometry":{"coordinates":[[-73.62015,6.1953],[-73.61905,6.19582],[-73.61796,6.19684],[-73.61659,6.19693],[-73.61614,6.19767],[-73.61659,6.19851],[-73.618,6.19778],[-73.61885,6.19832]],"type":"LineString"},"properties":{"advertencia":"Cartografía vial de contexto; no acredita transporte, comercialización ni exportación.","caso":"Serranía de los Agataes","crs_simplificacion_epsg":9377,"fecha_corte":"2026-08-28","fuente":"© OpenStreetMap contributors","fuente_url":"https://www.openstreetmap.org/copyright","highway":"unclassified","nombre":"Vía OSM 772993639","osm_id":772993639,"surface":"dirt","tipo":"red_vial_contexto","tolerancia_simplificacion_m":20,"vista":"territorio"},"type":"Feature"},{"geometry":{"coordinates":[[-73.61885,6.19832],[-73.61894,6.19835]],"type":"LineString"},"properties":{"advertencia":"Cartografía vial de contexto; no acredita transporte, comercialización ni exportación.","caso":"Serranía de los Agataes","crs_simplificacion_epsg":9377,"fecha_corte":"2026-08-28","fuente":"© OpenStreetMap contributors","fuente_url":"https://www.openstreetmap.org/copyright","highway":"unclassified","nombre":"Vía OSM 772993644","osm_id":772993644,"surface":"paved","tipo":"red_vial_contexto","tolerancia_simplificacion_m":20,"vista":"territorio"},"type":"Feature"},{"geometry":{"coordinates":[[-73.61894,6.19835],[-73.61969,6.19859],[-73.61947,6.1989],[-73.61844,6.19919],[-73.61773,6.2001]],"type":"LineString"},"properties":{"advertencia":"Cartografía vial de contexto; no acredita transporte, comercialización ni exportación.","caso":"Serranía de los Agataes","crs_simplificacion_epsg":9377,"fecha_corte":"2026-08-28","fuente":"© OpenStreetMap contributors","fuente_url":"https://www.openstreetmap.org/copyright","highway":"unclassified","nombre":"Vía OSM 772993825","osm_id":772993825,"surface":"dirt","tipo":"red_vial_contexto","tolerancia_simplificacion_m":20,"vista":"territorio"},"type":"Feature"},{"geometry":{"coordinates":[[-73.61773,6.2001],[-73.61763,6.20027]],"type":"LineString"},"properties":{"advertencia":"Cartografía vial de contexto; no acredita transporte, comercialización ni exportación.","caso":"Serranía de los Agataes","crs_simplificacion_epsg":9377,"fecha_corte":"2026-08-28","fuente":"© OpenStreetMap contributors","fuente_url":"https://www.openstreetmap.org/copyright","highway":"unclassified","nombre":"Vía OSM 772993885","osm_id":772993885,"surface":"paved","tipo":"red_vial_contexto","tolerancia_simplificacion_m":20,"vista":"territorio"},"type":"Feature"},{"geometry":{"coordinates":[[-73.61763,6.20027],[-73.61737,6.20105],[-73.61798,6.20171],[-73.61793,6.20242],[-73.61889,6.20333],[-73.61987,6.20377],[-73.61945,6.20515],[-73.61984,6.20622],[-73.61921,6.20746],[-73.61954,6.20866],[-73.61995,6.20879],[-73.62153,6.20786],[-73.62229,6.20782],[-73.6239,6.20834],[-73.62335,6.20932]],"type":"LineString"},"properties":{"advertencia":"Cartografía vial de contexto; no acredita transporte, comercialización ni exportación.","caso":"Serranía de los Agataes","crs_simplificacion_epsg":9377,"fecha_corte":"2026-08-28","fuente":"© OpenStreetMap contributors","fuente_url":"https://www.openstreetmap.org/copyright","highway":"unclassified","nombre":"Vía OSM 772994076","osm_id":772994076,"surface":"dirt","tipo":"red_vial_contexto","tolerancia_simplificacion_m":20,"vista":"territorio"},"type":"Feature"},{"geometry":{"coordinates":[[-73.62335,6.20932],[-73.62292,6.21024]],"type":"LineString"},"properties":{"advertencia":"Cartografía vial de contexto; no acredita transporte, comercialización ni exportación.","caso":"Serranía de los Agataes","crs_simplificacion_epsg":9377,"fecha_corte":"2026-08-28","fuente":"© OpenStreetMap contributors","fuente_url":"https://www.openstreetmap.org/copyright","highway":"unclassified","nombre":"Vía OSM 772994329","osm_id":772994329,"surface":"paved","tipo":"red_vial_contexto","tolerancia_simplificacion_m":20,"vista":"territorio"},"type":"Feature"},{"geometry":{"coordinates":[[-73.62292,6.21024],[-73.62249,6.21315],[-73.62123,6.2147],[-73.62095,6.21673],[-73.6216,6.21746],[-73.62327,6.21804],[-73.62648,6.21739],[-73.62621,6.21845],[-73.62661,6.21903],[-73.62652,6.21996],[-73.62606,6.22082]],"type":"LineString"},"properties":{"advertencia":"Cartografía vial de contexto; no acredita transporte, comercialización ni exportación.","caso":"Serranía de los Agataes","crs_simplificacion_epsg":9377,"fecha_corte":"2026-08-28","fuente":"© OpenStreetMap contributors","fuente_url":"https://www.openstreetmap.org/copyright","highway":"unclassified","nombre":"Vía OSM 772994572","osm_id":772994572,"surface":"dirt","tipo":"red_vial_contexto","tolerancia_simplificacion_m":20,"vista":"territorio"},"type":"Feature"},{"geometry":{"coordinates":[[-73.65464,6.21925],[-73.6519,6.21968],[-73.65003,6.2185],[-73.64983,6.2177],[-73.64892,6.21695],[-73.64812,6.2173],[-73.644,6.21553],[-73.64128,6.21591],[-73.64002,6.21558],[-73.63795,6.21374],[-73.63396,6.21205]],"type":"LineString"},"properties":{"advertencia":"Cartografía vial de contexto; no acredita transporte, comercialización ni exportación.","caso":"Serranía de los Agataes","crs_simplificacion_epsg":9377,"fecha_corte":"2026-08-28","fuente":"© OpenStreetMap contributors","fuente_url":"https://www.openstreetmap.org/copyright","highway":"unclassified","nombre":"Vía OSM 772999076","osm_id":772999076,"surface":"dirt","tipo":"red_vial_contexto","tolerancia_simplificacion_m":20,"vista":"territorio"},"type":"Feature"},{"geometry":{"coordinates":[[-73.63798,6.22952],[-73.63733,6.22919],[-73.63724,6.22866],[-73.63868,6.22785],[-73.64031,6.22631],[-73.64053,6.22575],[-73.64005,6.22432],[-73.6402,6.22332],[-73.63974,6.22263],[-73.64058,6.22229],[-73.63978,6.22149],[-73.63989,6.22077],[-73.64159,6.22084],[-73.6424,6.21995],[-73.64425,6.2188],[-73.64753,6.21788],[-73.64812,6.2173]],"type":"LineString"},"properties":{"advertencia":"Cartografía vial de contexto; no acredita transporte, comercialización ni exportación.","caso":"Serranía de los Agataes","crs_simplificacion_epsg":9377,"fecha_corte":"2026-08-28","fuente":"© OpenStreetMap contributors","fuente_url":"https://www.openstreetmap.org/copyright","highway":"unclassified","nombre":"Vía OSM 772999198","osm_id":772999198,"surface":"dirt","tipo":"red_vial_contexto","tolerancia_simplificacion_m":20,"vista":"territorio"},"type":"Feature"},{"geometry":{"coordinates":[[-73.57867,6.18222],[-73.57883,6.1821]],"type":"LineString"},"properties":{"advertencia":"Cartografía vial de contexto; no acredita transporte, comercialización ni exportación.","caso":"Serranía de los Agataes","crs_simplificacion_epsg":9377,"fecha_corte":"2026-08-28","fuente":"© OpenStreetMap contributors","fuente_url":"https://www.openstreetmap.org/copyright","highway":"secondary","nombre":"La Paz - Aguada","osm_id":773563294,"surface":"paved","tipo":"red_vial_contexto","tolerancia_simplificacion_m":20,"vista":"territorio"},"type":"Feature"},{"geometry":{"coordinates":[[-73.58361,6.18353],[-73.58383,6.18298],[-73.58356,6.18247],[-73.58383,6.18001],[-73.58413,6.17918],[-73.58562,6.17981],[-73.58713,6.17905],[-73.58803,6.17897]],"type":"LineString"},"properties":{"advertencia":"Cartografía vial de contexto; no acredita transporte, comercialización ni exportación.","caso":"Serranía de los Agataes","crs_simplificacion_epsg":9377,"fecha_corte":"2026-08-28","fuente":"© OpenStreetMap contributors","fuente_url":"https://www.openstreetmap.org/copyright","highway":"secondary","nombre":"La Paz - Aguada","osm_id":773563295,"surface":"gravel","tipo":"red_vial_contexto","tolerancia_simplificacion_m":20,"vista":"territorio"},"type":"Feature"},{"geometry":{"coordinates":[[-73.57824,6.18292],[-73.57894,6.18379],[-73.57857,6.18413],[-73.57873,6.18449],[-73.57845,6.18499],[-73.5771,6.18645],[-73.57718,6.18833],[-73.57917,6.19002],[-73.57951,6.19206],[-73.579,6.19293],[-73.5779,6.19349],[-73.57748,6.19406],[-73.57657,6.19416],[-73.57619,6.19551],[-73.57534,6.19615],[-73.57366,6.19679],[-73.574,6.19733],[-73.57382,6.1981],[-73.57403,6.19937],[-73.57368,6.20008],[-73.57419,6.20082],[-73.57413,6.2013],[-73.57352,6.20183],[-73.57393,6.20314],[-73.5749,6.20386]],"type":"LineString"},"properties":{"advertencia":"Cartografía vial de contexto; no acredita transporte, comercialización ni exportación.","caso":"Serranía de los Agataes","crs_simplificacion_epsg":9377,"fecha_corte":"2026-08-28","fuente":"© OpenStreetMap contributors","fuente_url":"https://www.openstreetmap.org/copyright","highway":"unclassified","nombre":"Vía OSM 773563469","osm_id":773563469,"surface":"dirt","tipo":"red_vial_contexto","tolerancia_simplificacion_m":20,"vista":"territorio"},"type":"Feature"},{"geometry":{"coordinates":[[-73.57824,6.18275],[-73.57824,6.18292]],"type":"LineString"},"properties":{"advertencia":"Cartografía vial de contexto; no acredita transporte, comercialización ni exportación.","caso":"Serranía de los Agataes","crs_simplificacion_epsg":9377,"fecha_corte":"2026-08-28","fuente":"© OpenStreetMap contributors","fuente_url":"https://www.openstreetmap.org/copyright","highway":"unclassified","nombre":"Vía OSM 773563470","osm_id":773563470,"surface":"paved","tipo":"red_vial_contexto","tolerancia_simplificacion_m":20,"vista":"territorio"},"type":"Feature"},{"geometry":{"coordinates":[[-73.58913,6.17766],[-73.58754,6.17768]],"type":"LineString"},"properties":{"advertencia":"Cartografía vial de contexto; no acredita transporte, comercialización ni exportación.","caso":"Serranía de los Agataes","crs_simplificacion_epsg":9377,"fecha_corte":"2026-08-28","fuente":"© OpenStreetMap contributors","fuente_url":"https://www.openstreetmap.org/copyright","highway":"residential","nombre":"Calle 3","osm_id":776317244,"surface":null,"tipo":"red_vial_contexto","tolerancia_simplificacion_m":20,"vista":"territorio"},"type":"Feature"},{"geometry":{"coordinates":[[-73.57095,6.19723],[-73.57097,6.19703],[-73.56949,6.19741],[-73.56687,6.19881],[-73.56651,6.19967],[-73.56546,6.20023],[-73.56445,6.20128],[-73.56087,6.20173],[-73.56017,6.20216],[-73.55893,6.20188],[-73.55794,6.20273],[-73.55572,6.20301],[-73.55509,6.20342],[-73.5543,6.20305]],"type":"LineString"},"properties":{"advertencia":"Cartografía vial de contexto; no acredita transporte, comercialización ni exportación.","caso":"Serranía de los Agataes","crs_simplificacion_epsg":9377,"fecha_corte":"2026-08-28","fuente":"© OpenStreetMap contributors","fuente_url":"https://www.openstreetmap.org/copyright","highway":"unclassified","nombre":"Vía OSM 776891159","osm_id":776891159,"surface":"dirt","tipo":"red_vial_contexto","tolerancia_simplificacion_m":20,"vista":"territorio"},"type":"Feature"},{"geometry":{"coordinates":[[-73.579,6.19293],[-73.57938,6.19331],[-73.57914,6.19415],[-73.57957,6.19496],[-73.58146,6.19547],[-73.58282,6.19726],[-73.58427,6.19846],[-73.5852,6.19867],[-73.58615,6.19814],[-73.58721,6.19841],[-73.58755,6.19811],[-73.58914,6.19887],[-73.58942,6.19988],[-73.59034,6.19996],[-73.59244,6.19803],[-73.59384,6.19758],[-73.59315,6.19664],[-73.59307,6.19545],[-73.5945,6.19355],[-73.59497,6.19177],[-73.596,6.19173],[-73.59641,6.19118],[-73.59602,6.19054]],"type":"LineString"},"properties":{"advertencia":"Cartografía vial de contexto; no acredita transporte, comercialización ni exportación.","caso":"Serranía de los Agataes","crs_simplificacion_epsg":9377,"fecha_corte":"2026-08-28","fuente":"© OpenStreetMap contributors","fuente_url":"https://www.openstreetmap.org/copyright","highway":"unclassified","nombre":"Vía OSM 776892265","osm_id":776892265,"surface":"dirt","tipo":"red_vial_contexto","tolerancia_simplificacion_m":20,"vista":"territorio"},"type":"Feature"},{"geometry":{"coordinates":[[-73.57562,6.18184],[-73.5743,6.18178],[-73.57416,6.1822],[-73.5751,6.18272],[-73.57447,6.18386],[-73.56988,6.1833],[-73.56939,6.18358],[-73.56972,6.18488],[-73.5676,6.18557],[-73.56723,6.18543],[-73.5668,6.18627],[-73.56706,6.1873]],"type":"LineString"},"properties":{"advertencia":"Cartografía vial de contexto; no acredita transporte, comercialización ni exportación.","caso":"Serranía de los Agataes","crs_simplificacion_epsg":9377,"fecha_corte":"2026-08-28","fuente":"© OpenStreetMap contributors","fuente_url":"https://www.openstreetmap.org/copyright","highway":"unclassified","nombre":"Vía OSM 776893909","osm_id":776893909,"surface":"dirt","tipo":"red_vial_contexto","tolerancia_simplificacion_m":20,"vista":"territorio"},"type":"Feature"},{"geometry":{"coordinates":[[-73.6231,6.1236],[-73.62743,6.12394],[-73.62847,6.12524],[-73.62808,6.12682]],"type":"LineString"},"properties":{"advertencia":"Cartografía vial de contexto; no acredita transporte, comercialización ni exportación.","caso":"Serranía de los Agataes","crs_simplificacion_epsg":9377,"fecha_corte":"2026-08-28","fuente":"© OpenStreetMap contributors","fuente_url":"https://www.openstreetmap.org/copyright","highway":"unclassified","nombre":"Vía OSM 785268754","osm_id":785268754,"surface":null,"tipo":"red_vial_contexto","tolerancia_simplificacion_m":20,"vista":"territorio"},"type":"Feature"},{"geometry":{"coordinates":[[-73.56762,6.14473],[-73.5683,6.14481],[-73.56683,6.14573],[-73.56736,6.14637]],"type":"LineString"},"properties":{"advertencia":"Cartografía vial de contexto; no acredita transporte, comercialización ni exportación.","caso":"Serranía de los Agataes","crs_simplificacion_epsg":9377,"fecha_corte":"2026-08-28","fuente":"© OpenStreetMap contributors","fuente_url":"https://www.openstreetmap.org/copyright","highway":"unclassified","nombre":"Vía OSM 808918593","osm_id":808918593,"surface":"ground","tipo":"red_vial_contexto","tolerancia_simplificacion_m":20,"vista":"territorio"},"type":"Feature"},{"geometry":{"coordinates":[[-73.56736,6.14637],[-73.56439,6.14695],[-73.56165,6.1458],[-73.5609,6.14507]],"type":"LineString"},"properties":{"advertencia":"Cartografía vial de contexto; no acredita transporte, comercialización ni exportación.","caso":"Serranía de los Agataes","crs_simplificacion_epsg":9377,"fecha_corte":"2026-08-28","fuente":"© OpenStreetMap contributors","fuente_url":"https://www.openstreetmap.org/copyright","highway":"unclassified","nombre":"Vía OSM 809265329","osm_id":809265329,"surface":"ground","tipo":"red_vial_contexto","tolerancia_simplificacion_m":20,"vista":"territorio"},"type":"Feature"},{"geometry":{"coordinates":[[-73.6153,6.12347],[-73.61651,6.12263],[-73.61717,6.12249]],"type":"LineString"},"properties":{"advertencia":"Cartografía vial de contexto; no acredita transporte, comercialización ni exportación.","caso":"Serranía de los Agataes","crs_simplificacion_epsg":9377,"fecha_corte":"2026-08-28","fuente":"© OpenStreetMap contributors","fuente_url":"https://www.openstreetmap.org/copyright","highway":"track","nombre":"Vía OSM 810815945","osm_id":810815945,"surface":"ground","tipo":"red_vial_contexto","tolerancia_simplificacion_m":20,"vista":"territorio"},"type":"Feature"},{"geometry":{"coordinates":[[-73.61889,6.12074],[-73.61717,6.12249]],"type":"LineString"},"properties":{"advertencia":"Cartografía vial de contexto; no acredita transporte, comercialización ni exportación.","caso":"Serranía de los Agataes","crs_simplificacion_epsg":9377,"fecha_corte":"2026-08-28","fuente":"© OpenStreetMap contributors","fuente_url":"https://www.openstreetmap.org/copyright","highway":"track","nombre":"Vía OSM 810815946","osm_id":810815946,"surface":"ground","tipo":"red_vial_contexto","tolerancia_simplificacion_m":20,"vista":"territorio"},"type":"Feature"},{"geometry":{"coordinates":[[-73.62311,6.11538],[-73.62071,6.11637]],"type":"LineString"},"properties":{"advertencia":"Cartografía vial de contexto; no acredita transporte, comercialización ni exportación.","caso":"Serranía de los Agataes","crs_simplificacion_epsg":9377,"fecha_corte":"2026-08-28","fuente":"© OpenStreetMap contributors","fuente_url":"https://www.openstreetmap.org/copyright","highway":"unclassified","nombre":"Vía OSM 810815947","osm_id":810815947,"surface":null,"tipo":"red_vial_contexto","tolerancia_simplificacion_m":20,"vista":"territorio"},"type":"Feature"},{"geometry":{"coordinates":[[-73.61421,6.11134],[-73.61553,6.11176],[-73.61526,6.11295]],"type":"LineString"},"properties":{"advertencia":"Cartografía vial de contexto; no acredita transporte, comercialización ni exportación.","caso":"Serranía de los Agataes","crs_simplificacion_epsg":9377,"fecha_corte":"2026-08-28","fuente":"© OpenStreetMap contributors","fuente_url":"https://www.openstreetmap.org/copyright","highway":"track","nombre":"Vía OSM 810815948","osm_id":810815948,"surface":"ground","tipo":"red_vial_contexto","tolerancia_simplificacion_m":20,"vista":"territorio"},"type":"Feature"},{"geometry":{"coordinates":[[-73.59707,6.14409],[-73.59667,6.14403],[-73.5965,6.14435],[-73.59512,6.14485],[-73.59352,6.1448],[-73.59242,6.14528]],"type":"LineString"},"properties":{"advertencia":"Cartografía vial de contexto; no acredita transporte, comercialización ni exportación.","caso":"Serranía de los Agataes","crs_simplificacion_epsg":9377,"fecha_corte":"2026-08-28","fuente":"© OpenStreetMap contributors","fuente_url":"https://www.openstreetmap.org/copyright","highway":"unclassified","nombre":"Vía OSM 810819413","osm_id":810819413,"surface":null,"tipo":"red_vial_contexto","tolerancia_simplificacion_m":20,"vista":"territorio"},"type":"Feature"},{"geometry":{"coordinates":[[-73.57837,6.11169],[-73.57714,6.11222],[-73.57465,6.11464],[-73.57435,6.11534],[-73.57536,6.11617],[-73.57444,6.11845]],"type":"LineString"},"properties":{"advertencia":"Cartografía vial de contexto; no acredita transporte, comercialización ni exportación.","caso":"Serranía de los Agataes","crs_simplificacion_epsg":9377,"fecha_corte":"2026-08-28","fuente":"© OpenStreetMap contributors","fuente_url":"https://www.openstreetmap.org/copyright","highway":"track","nombre":"Vía OSM 810819414","osm_id":810819414,"surface":"ground","tipo":"red_vial_contexto","tolerancia_simplificacion_m":20,"vista":"territorio"},"type":"Feature"},{"geometry":{"coordinates":[[-73.58488,6.10713],[-73.58477,6.10634],[-73.58584,6.10491]],"type":"LineString"},"properties":{"advertencia":"Cartografía vial de contexto; no acredita transporte, comercialización ni exportación.","caso":"Serranía de los Agataes","crs_simplificacion_epsg":9377,"fecha_corte":"2026-08-28","fuente":"© OpenStreetMap contributors","fuente_url":"https://www.openstreetmap.org/copyright","highway":"unclassified","nombre":"Vía OSM 810819415","osm_id":810819415,"surface":"ground","tipo":"red_vial_contexto","tolerancia_simplificacion_m":20,"vista":"territorio"},"type":"Feature"},{"geometry":{"coordinates":[[-73.58303,6.10471],[-73.58233,6.10543],[-73.58322,6.10651],[-73.58332,6.10712]],"type":"LineString"},"properties":{"advertencia":"Cartografía vial de contexto; no acredita transporte, comercialización ni exportación.","caso":"Serranía de los Agataes","crs_simplificacion_epsg":9377,"fecha_corte":"2026-08-28","fuente":"© OpenStreetMap contributors","fuente_url":"https://www.openstreetmap.org/copyright","highway":"track","nombre":"Vía OSM 810819416","osm_id":810819416,"surface":"ground","tipo":"red_vial_contexto","tolerancia_simplificacion_m":20,"vista":"territorio"},"type":"Feature"},{"geometry":{"coordinates":[[-73.58512,6.10585],[-73.5845,6.10525],[-73.58414,6.10552],[-73.58303,6.10471]],"type":"LineString"},"properties":{"advertencia":"Cartografía vial de contexto; no acredita transporte, comercialización ni exportación.","caso":"Serranía de los Agataes","crs_simplificacion_epsg":9377,"fecha_corte":"2026-08-28","fuente":"© OpenStreetMap contributors","fuente_url":"https://www.openstreetmap.org/copyright","highway":"track","nombre":"Vía OSM 810819417","osm_id":810819417,"surface":"ground","tipo":"red_vial_contexto","tolerancia_simplificacion_m":20,"vista":"territorio"},"type":"Feature"},{"geometry":{"coordinates":[[-73.56428,6.11265],[-73.56621,6.11275],[-73.56577,6.11312],[-73.56655,6.11381],[-73.56675,6.11454],[-73.56807,6.11551],[-73.56823,6.11605],[-73.56911,6.11572],[-73.57053,6.11636],[-73.57094,6.11612],[-73.57188,6.11704],[-73.57286,6.11682]],"type":"LineString"},"properties":{"advertencia":"Cartografía vial de contexto; no acredita transporte, comercialización ni exportación.","caso":"Serranía de los Agataes","crs_simplificacion_epsg":9377,"fecha_corte":"2026-08-28","fuente":"© OpenStreetMap contributors","fuente_url":"https://www.openstreetmap.org/copyright","highway":"track","nombre":"Vía OSM 810819418","osm_id":810819418,"surface":"ground","tipo":"red_vial_contexto","tolerancia_simplificacion_m":20,"vista":"territorio"},"type":"Feature"},{"geometry":{"coordinates":[[-73.60985,6.14306],[-73.61016,6.14429]],"type":"LineString"},"properties":{"advertencia":"Cartografía vial de contexto; no acredita transporte, comercialización ni exportación.","caso":"Serranía de los Agataes","crs_simplificacion_epsg":9377,"fecha_corte":"2026-08-28","fuente":"© OpenStreetMap contributors","fuente_url":"https://www.openstreetmap.org/copyright","highway":"unclassified","nombre":"Vía OSM 810838351","osm_id":810838351,"surface":null,"tipo":"red_vial_contexto","tolerancia_simplificacion_m":20,"vista":"territorio"},"type":"Feature"},{"geometry":{"coordinates":[[-73.60587,6.1438],[-73.60637,6.14312],[-73.60731,6.14269],[-73.60794,6.14128],[-73.60721,6.14035],[-73.60479,6.13904],[-73.60468,6.13833],[-73.60422,6.13869],[-73.60354,6.13822],[-73.6035,6.1376],[-73.60173,6.13591]],"type":"LineString"},"properties":{"advertencia":"Cartografía vial de contexto; no acredita transporte, comercialización ni exportación.","caso":"Serranía de los Agataes","crs_simplificacion_epsg":9377,"fecha_corte":"2026-08-28","fuente":"© OpenStreetMap contributors","fuente_url":"https://www.openstreetmap.org/copyright","highway":"unclassified","nombre":"Vía OSM 810838352","osm_id":810838352,"surface":null,"tipo":"red_vial_contexto","tolerancia_simplificacion_m":20,"vista":"territorio"},"type":"Feature"},{"geometry":{"coordinates":[[-73.5715,6.17191],[-73.56901,6.17165],[-73.56883,6.17115],[-73.56713,6.17007],[-73.5645,6.16967]],"type":"LineString"},"properties":{"advertencia":"Cartografía vial de contexto; no acredita transporte, comercialización ni exportación.","caso":"Serranía de los Agataes","crs_simplificacion_epsg":9377,"fecha_corte":"2026-08-28","fuente":"© OpenStreetMap contributors","fuente_url":"https://www.openstreetmap.org/copyright","highway":"unclassified","nombre":"Vía OSM 810840257","osm_id":810840257,"surface":null,"tipo":"red_vial_contexto","tolerancia_simplificacion_m":20,"vista":"territorio"},"type":"Feature"},{"geometry":{"coordinates":[[-73.57541,6.17378],[-73.57234,6.17328],[-73.57161,6.17224],[-73.57163,6.17152],[-73.57082,6.17139]],"type":"LineString"},"properties":{"advertencia":"Cartografía vial de contexto; no acredita transporte, comercialización ni exportación.","caso":"Serranía de los Agataes","crs_simplificacion_epsg":9377,"fecha_corte":"2026-08-28","fuente":"© OpenStreetMap contributors","fuente_url":"https://www.openstreetmap.org/copyright","highway":"unclassified","nombre":"Vía OSM 810840258","osm_id":810840258,"surface":null,"tipo":"red_vial_contexto","tolerancia_simplificacion_m":20,"vista":"territorio"},"type":"Feature"},{"geometry":{"coordinates":[[-73.57473,6.14472],[-73.57505,6.14491],[-73.57558,6.14657],[-73.57625,6.14723],[-73.57604,6.14775],[-73.57546,6.14811],[-73.57556,6.14837],[-73.57486,6.1496]],"type":"LineString"},"properties":{"advertencia":"Cartografía vial de contexto; no acredita transporte, comercialización ni exportación.","caso":"Serranía de los Agataes","crs_simplificacion_epsg":9377,"fecha_corte":"2026-08-28","fuente":"© OpenStreetMap contributors","fuente_url":"https://www.openstreetmap.org/copyright","highway":"unclassified","nombre":"Vía OSM 810843962","osm_id":810843962,"surface":null,"tipo":"red_vial_contexto","tolerancia_simplificacion_m":20,"vista":"territorio"},"type":"Feature"},{"geometry":{"coordinates":[[-73.56799,6.14665],[-73.56913,6.14619],[-73.5715,6.14676],[-73.57384,6.14618],[-73.57486,6.14504],[-73.57459,6.14385]],"type":"LineString"},"properties":{"advertencia":"Cartografía vial de contexto; no acredita transporte, comercialización ni exportación.","caso":"Serranía de los Agataes","crs_simplificacion_epsg":9377,"fecha_corte":"2026-08-28","fuente":"© OpenStreetMap contributors","fuente_url":"https://www.openstreetmap.org/copyright","highway":"unclassified","nombre":"Vía OSM 810843963","osm_id":810843963,"surface":null,"tipo":"red_vial_contexto","tolerancia_simplificacion_m":20,"vista":"territorio"},"type":"Feature"},{"geometry":{"coordinates":[[-73.5692,6.14694],[-73.57009,6.14742],[-73.57109,6.1471],[-73.57128,6.14677]],"type":"LineString"},"properties":{"advertencia":"Cartografía vial de contexto; no acredita transporte, comercialización ni exportación.","caso":"Serranía de los Agataes","crs_simplificacion_epsg":9377,"fecha_corte":"2026-08-28","fuente":"© OpenStreetMap contributors","fuente_url":"https://www.openstreetmap.org/copyright","highway":"unclassified","nombre":"Vía OSM 810843964","osm_id":810843964,"surface":null,"tipo":"red_vial_contexto","tolerancia_simplificacion_m":20,"vista":"territorio"},"type":"Feature"},{"geometry":{"coordinates":[[-73.5751,6.14992],[-73.57319,6.14999],[-73.57182,6.15147],[-73.5685,6.15307],[-73.56765,6.15367],[-73.56703,6.15541]],"type":"LineString"},"properties":{"advertencia":"Cartografía vial de contexto; no acredita transporte, comercialización ni exportación.","caso":"Serranía de los Agataes","crs_simplificacion_epsg":9377,"fecha_corte":"2026-08-28","fuente":"© OpenStreetMap contributors","fuente_url":"https://www.openstreetmap.org/copyright","highway":"unclassified","nombre":"Vía OSM 810843965","osm_id":810843965,"surface":null,"tipo":"red_vial_contexto","tolerancia_simplificacion_m":20,"vista":"territorio"},"type":"Feature"},{"geometry":{"coordinates":[[-73.57942,6.15373],[-73.57844,6.15369],[-73.57785,6.15327],[-73.57758,6.15353]],"type":"LineString"},"properties":{"advertencia":"Cartografía vial de contexto; no acredita transporte, comercialización ni exportación.","caso":"Serranía de los Agataes","crs_simplificacion_epsg":9377,"fecha_corte":"2026-08-28","fuente":"© OpenStreetMap contributors","fuente_url":"https://www.openstreetmap.org/copyright","highway":"unclassified","nombre":"Vía OSM 810843966","osm_id":810843966,"surface":null,"tipo":"red_vial_contexto","tolerancia_simplificacion_m":20,"vista":"territorio"},"type":"Feature"},{"geometry":{"coordinates":[[-73.57396,6.15801],[-73.57261,6.15846],[-73.57282,6.15934]],"type":"LineString"},"properties":{"advertencia":"Cartografía vial de contexto; no acredita transporte, comercialización ni exportación.","caso":"Serranía de los Agataes","crs_simplificacion_epsg":9377,"fecha_corte":"2026-08-28","fuente":"© OpenStreetMap contributors","fuente_url":"https://www.openstreetmap.org/copyright","highway":"unclassified","nombre":"Vía OSM 810843967","osm_id":810843967,"surface":null,"tipo":"red_vial_contexto","tolerancia_simplificacion_m":20,"vista":"territorio"},"type":"Feature"},{"geometry":{"coordinates":[[-73.56888,6.15898],[-73.56888,6.15869],[-73.56773,6.15777],[-73.56793,6.15717],[-73.56997,6.1562],[-73.57175,6.15577],[-73.57393,6.15705],[-73.57396,6.15801],[-73.57495,6.15804]],"type":"LineString"},"properties":{"advertencia":"Cartografía vial de contexto; no acredita transporte, comercialización ni exportación.","caso":"Serranía de los Agataes","crs_simplificacion_epsg":9377,"fecha_corte":"2026-08-28","fuente":"© OpenStreetMap contributors","fuente_url":"https://www.openstreetmap.org/copyright","highway":"unclassified","nombre":"Vía OSM 810843968","osm_id":810843968,"surface":null,"tipo":"red_vial_contexto","tolerancia_simplificacion_m":20,"vista":"territorio"},"type":"Feature"},{"geometry":{"coordinates":[[-73.59391,6.16911],[-73.59416,6.16951],[-73.59588,6.1701],[-73.59625,6.16931],[-73.59751,6.17027],[-73.59779,6.16975],[-73.59951,6.17061],[-73.6,6.17117]],"type":"LineString"},"properties":{"advertencia":"Cartografía vial de contexto; no acredita transporte, comercialización ni exportación.","caso":"Serranía de los Agataes","crs_simplificacion_epsg":9377,"fecha_corte":"2026-08-28","fuente":"© OpenStreetMap contributors","fuente_url":"https://www.openstreetmap.org/copyright","highway":"unclassified","nombre":"Vía OSM 810849731","osm_id":810849731,"surface":null,"tipo":"red_vial_contexto","tolerancia_simplificacion_m":20,"vista":"territorio"},"type":"Feature"},{"geometry":{"coordinates":[[-73.59285,6.16069],[-73.59315,6.16136],[-73.59282,6.1621],[-73.59307,6.16294],[-73.59288,6.16384],[-73.59378,6.1649],[-73.59383,6.16648]],"type":"LineString"},"properties":{"advertencia":"Cartografía vial de contexto; no acredita transporte, comercialización ni exportación.","caso":"Serranía de los Agataes","crs_simplificacion_epsg":9377,"fecha_corte":"2026-08-28","fuente":"© OpenStreetMap contributors","fuente_url":"https://www.openstreetmap.org/copyright","highway":"unclassified","nombre":"Vía OSM 810849732","osm_id":810849732,"surface":null,"tipo":"red_vial_contexto","tolerancia_simplificacion_m":20,"vista":"territorio"},"type":"Feature"},{"geometry":{"coordinates":[[-73.60544,6.16469],[-73.60449,6.16494],[-73.60332,6.16341],[-73.6012,6.16312],[-73.59983,6.16225],[-73.59597,6.16077],[-73.59554,6.16026]],"type":"LineString"},"properties":{"advertencia":"Cartografía vial de contexto; no acredita transporte, comercialización ni exportación.","caso":"Serranía de los Agataes","crs_simplificacion_epsg":9377,"fecha_corte":"2026-08-28","fuente":"© OpenStreetMap contributors","fuente_url":"https://www.openstreetmap.org/copyright","highway":"unclassified","nombre":"Vía OSM 810849733","osm_id":810849733,"surface":null,"tipo":"red_vial_contexto","tolerancia_simplificacion_m":20,"vista":"territorio"},"type":"Feature"},{"geometry":{"coordinates":[[-73.59671,6.16603],[-73.59739,6.16626],[-73.59933,6.16423],[-73.59921,6.16395],[-73.60029,6.16258]],"type":"LineString"},"properties":{"advertencia":"Cartografía vial de contexto; no acredita transporte, comercialización ni exportación.","caso":"Serranía de los Agataes","crs_simplificacion_epsg":9377,"fecha_corte":"2026-08-28","fuente":"© OpenStreetMap contributors","fuente_url":"https://www.openstreetmap.org/copyright","highway":"unclassified","nombre":"Vía OSM 810849734","osm_id":810849734,"surface":null,"tipo":"red_vial_contexto","tolerancia_simplificacion_m":20,"vista":"territorio"},"type":"Feature"},{"geometry":{"coordinates":[[-73.60004,6.14166],[-73.60011,6.14345]],"type":"LineString"},"properties":{"advertencia":"Cartografía vial de contexto; no acredita transporte, comercialización ni exportación.","caso":"Serranía de los Agataes","crs_simplificacion_epsg":9377,"fecha_corte":"2026-08-28","fuente":"© OpenStreetMap contributors","fuente_url":"https://www.openstreetmap.org/copyright","highway":"unclassified","nombre":"Vía OSM 810849735","osm_id":810849735,"surface":"ground","tipo":"red_vial_contexto","tolerancia_simplificacion_m":20,"vista":"territorio"},"type":"Feature"},{"geometry":{"coordinates":[[-73.57959,6.16083],[-73.58122,6.1609],[-73.58255,6.15882]],"type":"LineString"},"properties":{"advertencia":"Cartografía vial de contexto; no acredita transporte, comercialización ni exportación.","caso":"Serranía de los Agataes","crs_simplificacion_epsg":9377,"fecha_corte":"2026-08-28","fuente":"© OpenStreetMap contributors","fuente_url":"https://www.openstreetmap.org/copyright","highway":"unclassified","nombre":"Vía OSM 810849736","osm_id":810849736,"surface":null,"tipo":"red_vial_contexto","tolerancia_simplificacion_m":20,"vista":"territorio"},"type":"Feature"},{"geometry":{"coordinates":[[-73.59304,6.17803],[-73.59248,6.17827]],"type":"LineString"},"properties":{"advertencia":"Cartografía vial de contexto; no acredita transporte, comercialización ni exportación.","caso":"Serranía de los Agataes","crs_simplificacion_epsg":9377,"fecha_corte":"2026-08-28","fuente":"© OpenStreetMap contributors","fuente_url":"https://www.openstreetmap.org/copyright","highway":"secondary","nombre":"La Paz - Chipatá","osm_id":810853749,"surface":"gravel","tipo":"red_vial_contexto","tolerancia_simplificacion_m":20,"vista":"territorio"},"type":"Feature"},{"geometry":{"coordinates":[[-73.59248,6.17827],[-73.5907,6.17743]],"type":"LineString"},"properties":{"advertencia":"Cartografía vial de contexto; no acredita transporte, comercialización ni exportación.","caso":"Serranía de los Agataes","crs_simplificacion_epsg":9377,"fecha_corte":"2026-08-28","fuente":"© OpenStreetMap contributors","fuente_url":"https://www.openstreetmap.org/copyright","highway":"secondary","nombre":"Transversal 6","osm_id":810853750,"surface":"gravel","tipo":"red_vial_contexto","tolerancia_simplificacion_m":20,"vista":"territorio"},"type":"Feature"},{"geometry":{"coordinates":[[-73.59006,6.17664],[-73.59043,6.17611]],"type":"LineString"},"properties":{"advertencia":"Cartografía vial de contexto; no acredita transporte, comercialización ni exportación.","caso":"Serranía de los Agataes","crs_simplificacion_epsg":9377,"fecha_corte":"2026-08-28","fuente":"© OpenStreetMap contributors","fuente_url":"https://www.openstreetmap.org/copyright","highway":"residential","nombre":"Carrera 5","osm_id":810853751,"surface":"dirt","tipo":"red_vial_contexto","tolerancia_simplificacion_m":20,"vista":"territorio"},"type":"Feature"},{"geometry":{"coordinates":[[-73.58803,6.17897],[-73.58935,6.17906]],"type":"LineString"},"properties":{"advertencia":"Cartografía vial de contexto; no acredita transporte, comercialización ni exportación.","caso":"Serranía de los Agataes","crs_simplificacion_epsg":9377,"fecha_corte":"2026-08-28","fuente":"© OpenStreetMap contributors","fuente_url":"https://www.openstreetmap.org/copyright","highway":"secondary","nombre":"Calle 5","osm_id":810853752,"surface":"gravel","tipo":"red_vial_contexto","tolerancia_simplificacion_m":20,"vista":"territorio"},"type":"Feature"},{"geometry":{"coordinates":[[-73.58913,6.17766],[-73.58935,6.17906]],"type":"LineString"},"properties":{"advertencia":"Cartografía vial de contexto; no acredita transporte, comercialización ni exportación.","caso":"Serranía de los Agataes","crs_simplificacion_epsg":9377,"fecha_corte":"2026-08-28","fuente":"© OpenStreetMap contributors","fuente_url":"https://www.openstreetmap.org/copyright","highway":"tertiary","nombre":"Carrera 3","osm_id":810853753,"surface":null,"tipo":"red_vial_contexto","tolerancia_simplificacion_m":20,"vista":"territorio"},"type":"Feature"},{"geometry":{"coordinates":[[-73.65348,6.21104],[-73.65312,6.20986],[-73.65313,6.20808],[-73.65351,6.20638],[-73.65317,6.20531],[-73.65372,6.20428],[-73.65357,6.20385],[-73.65144,6.20074],[-73.65154,6.20041],[-73.65072,6.19878],[-73.65013,6.19813],[-73.64759,6.19776],[-73.64676,6.19901],[-73.64733,6.19951]],"type":"LineString"},"properties":{"advertencia":"Cartografía vial de contexto; no acredita transporte, comercialización ni exportación.","caso":"Serranía de los Agataes","crs_simplificacion_epsg":9377,"fecha_corte":"2026-08-28","fuente":"© OpenStreetMap contributors","fuente_url":"https://www.openstreetmap.org/copyright","highway":"unclassified","nombre":"Vía OSM 810868064","osm_id":810868064,"surface":null,"tipo":"red_vial_contexto","tolerancia_simplificacion_m":20,"vista":"territorio"},"type":"Feature"},{"geometry":{"coordinates":[[-73.66015,6.2023],[-73.66077,6.20356],[-73.66143,6.20423],[-73.66174,6.20531],[-73.66187,6.20601],[-73.66158,6.20686],[-73.66189,6.20781],[-73.66149,6.20912],[-73.66225,6.211],[-73.66014,6.2113],[-73.65973,6.21104],[-73.65701,6.21082],[-73.65501,6.21015],[-73.65424,6.21093],[-73.65171,6.21192],[-73.65217,6.21265],[-73.65208,6.21352],[-73.65124,6.21439],[-73.64865,6.21608],[-73.64812,6.2173]],"type":"LineString"},"properties":{"advertencia":"Cartografía vial de contexto; no acredita transporte, comercialización ni exportación.","caso":"Serranía de los Agataes","crs_simplificacion_epsg":9377,"fecha_corte":"2026-08-28","fuente":"© OpenStreetMap contributors","fuente_url":"https://www.openstreetmap.org/copyright","highway":"unclassified","nombre":"Vía OSM 810868065","osm_id":810868065,"surface":null,"tipo":"red_vial_contexto","tolerancia_simplificacion_m":20,"vista":"territorio"},"type":"Feature"},{"geometry":{"coordinates":[[-73.59067,6.1788],[-73.59061,6.17841]],"type":"LineString"},"properties":{"advertencia":"Cartografía vial de contexto; no acredita transporte, comercialización ni exportación.","caso":"Serranía de los Agataes","crs_simplificacion_epsg":9377,"fecha_corte":"2026-08-28","fuente":"© OpenStreetMap contributors","fuente_url":"https://www.openstreetmap.org/copyright","highway":"service","nombre":"Carrera 4A","osm_id":813455516,"surface":null,"tipo":"red_vial_contexto","tolerancia_simplificacion_m":20,"vista":"territorio"},"type":"Feature"},{"geometry":{"coordinates":[[-73.59073,6.17803],[-73.5875,6.1783]],"type":"LineString"},"properties":{"advertencia":"Cartografía vial de contexto; no acredita transporte, comercialización ni exportación.","caso":"Serranía de los Agataes","crs_simplificacion_epsg":9377,"fecha_corte":"2026-08-28","fuente":"© OpenStreetMap contributors","fuente_url":"https://www.openstreetmap.org/copyright","highway":"residential","nombre":"Calle 4","osm_id":813459086,"surface":"paved","tipo":"red_vial_contexto","tolerancia_simplificacion_m":20,"vista":"territorio"},"type":"Feature"},{"geometry":{"coordinates":[[-73.59056,6.17806],[-73.59061,6.17841]],"type":"LineString"},"properties":{"advertencia":"Cartografía vial de contexto; no acredita transporte, comercialización ni exportación.","caso":"Serranía de los Agataes","crs_simplificacion_epsg":9377,"fecha_corte":"2026-08-28","fuente":"© OpenStreetMap contributors","fuente_url":"https://www.openstreetmap.org/copyright","highway":"path","nombre":"Vía OSM 813459224","osm_id":813459224,"surface":"paved","tipo":"red_vial_contexto","tolerancia_simplificacion_m":20,"vista":"territorio"},"type":"Feature"},{"geometry":{"coordinates":[[-73.59071,6.17759],[-73.5909,6.17759]],"type":"LineString"},"properties":{"advertencia":"Cartografía vial de contexto; no acredita transporte, comercialización ni exportación.","caso":"Serranía de los Agataes","crs_simplificacion_epsg":9377,"fecha_corte":"2026-08-28","fuente":"© OpenStreetMap contributors","fuente_url":"https://www.openstreetmap.org/copyright","highway":"path","nombre":"Vía OSM 813477969","osm_id":813477969,"surface":null,"tipo":"red_vial_contexto","tolerancia_simplificacion_m":20,"vista":"territorio"},"type":"Feature"},{"geometry":{"coordinates":[[-73.59136,6.17768],[-73.59073,6.17798]],"type":"LineString"},"properties":{"advertencia":"Cartografía vial de contexto; no acredita transporte, comercialización ni exportación.","caso":"Serranía de los Agataes","crs_simplificacion_epsg":9377,"fecha_corte":"2026-08-28","fuente":"© OpenStreetMap contributors","fuente_url":"https://www.openstreetmap.org/copyright","highway":"residential","nombre":"Calle 4","osm_id":813479819,"surface":null,"tipo":"red_vial_contexto","tolerancia_simplificacion_m":20,"vista":"territorio"},"type":"Feature"},{"geometry":{"coordinates":[[-73.58982,6.17781],[-73.58987,6.17787]],"type":"LineString"},"properties":{"advertencia":"Cartografía vial de contexto; no acredita transporte, comercialización ni exportación.","caso":"Serranía de los Agataes","crs_simplificacion_epsg":9377,"fecha_corte":"2026-08-28","fuente":"© OpenStreetMap contributors","fuente_url":"https://www.openstreetmap.org/copyright","highway":"steps","nombre":"Vía OSM 813500093","osm_id":813500093,"surface":null,"tipo":"red_vial_contexto","tolerancia_simplificacion_m":20,"vista":"territorio"},"type":"Feature"},{"geometry":{"coordinates":[[-73.58986,6.1778],[-73.59012,6.17776]],"type":"LineString"},"properties":{"advertencia":"Cartografía vial de contexto; no acredita transporte, comercialización ni exportación.","caso":"Serranía de los Agataes","crs_simplificacion_epsg":9377,"fecha_corte":"2026-08-28","fuente":"© OpenStreetMap contributors","fuente_url":"https://www.openstreetmap.org/copyright","highway":"path","nombre":"Vía OSM 813500148","osm_id":813500148,"surface":null,"tipo":"red_vial_contexto","tolerancia_simplificacion_m":20,"vista":"territorio"},"type":"Feature"},{"geometry":{"coordinates":[[-73.58928,6.17913],[-73.58921,6.17905]],"type":"LineString"},"properties":{"advertencia":"Cartografía vial de contexto; no acredita transporte, comercialización ni exportación.","caso":"Serranía de los Agataes","crs_simplificacion_epsg":9377,"fecha_corte":"2026-08-28","fuente":"© OpenStreetMap contributors","fuente_url":"https://www.openstreetmap.org/copyright","highway":"service","nombre":"Vía OSM 813526087","osm_id":813526087,"surface":null,"tipo":"red_vial_contexto","tolerancia_simplificacion_m":20,"vista":"territorio"},"type":"Feature"},{"geometry":{"coordinates":[[-73.58935,6.1791],[-73.58934,6.1791]],"type":"LineString"},"properties":{"advertencia":"Cartografía vial de contexto; no acredita transporte, comercialización ni exportación.","caso":"Serranía de los Agataes","crs_simplificacion_epsg":9377,"fecha_corte":"2026-08-28","fuente":"© OpenStreetMap contributors","fuente_url":"https://www.openstreetmap.org/copyright","highway":"service","nombre":"Vía OSM 813526088","osm_id":813526088,"surface":null,"tipo":"red_vial_contexto","tolerancia_simplificacion_m":20,"vista":"territorio"},"type":"Feature"},{"geometry":{"coordinates":[[-73.59016,6.17935],[-73.59001,6.1794]],"type":"LineString"},"properties":{"advertencia":"Cartografía vial de contexto; no acredita transporte, comercialización ni exportación.","caso":"Serranía de los Agataes","crs_simplificacion_epsg":9377,"fecha_corte":"2026-08-28","fuente":"© OpenStreetMap contributors","fuente_url":"https://www.openstreetmap.org/copyright","highway":"path","nombre":"Vía OSM 813739229","osm_id":813739229,"surface":"paved","tipo":"red_vial_contexto","tolerancia_simplificacion_m":20,"vista":"territorio"},"type":"Feature"},{"geometry":{"coordinates":[[-73.59043,6.18043],[-73.59045,6.18053]],"type":"LineString"},"properties":{"advertencia":"Cartografía vial de contexto; no acredita transporte, comercialización ni exportación.","caso":"Serranía de los Agataes","crs_simplificacion_epsg":9377,"fecha_corte":"2026-08-28","fuente":"© OpenStreetMap contributors","fuente_url":"https://www.openstreetmap.org/copyright","highway":"service","nombre":"Carrera 4","osm_id":813755171,"surface":"paved","tipo":"red_vial_contexto","tolerancia_simplificacion_m":20,"vista":"territorio"},"type":"Feature"},{"geometry":{"coordinates":[[-73.62305,6.11714],[-73.62299,6.11702]],"type":"LineString"},"properties":{"advertencia":"Cartografía vial de contexto; no acredita transporte, comercialización ni exportación.","caso":"Serranía de los Agataes","crs_simplificacion_epsg":9377,"fecha_corte":"2026-08-28","fuente":"© OpenStreetMap contributors","fuente_url":"https://www.openstreetmap.org/copyright","highway":"secondary","nombre":"La Paz - Chipatá","osm_id":815680858,"surface":"asphalt","tipo":"red_vial_contexto","tolerancia_simplificacion_m":20,"vista":"territorio"},"type":"Feature"},{"geometry":{"coordinates":[[-73.62299,6.11702],[-73.62311,6.11538],[-73.62387,6.1148],[-73.62512,6.11257],[-73.6252,6.11174],[-73.62461,6.1112],[-73.62451,6.11047],[-73.62599,6.10777]],"type":"LineString"},"properties":{"advertencia":"Cartografía vial de contexto; no acredita transporte, comercialización ni exportación.","caso":"Serranía de los Agataes","crs_simplificacion_epsg":9377,"fecha_corte":"2026-08-28","fuente":"© OpenStreetMap contributors","fuente_url":"https://www.openstreetmap.org/copyright","highway":"secondary","nombre":"La Paz - Chipatá","osm_id":815680859,"surface":"asphalt","tipo":"red_vial_contexto","tolerancia_simplificacion_m":20,"vista":"territorio"},"type":"Feature"},{"geometry":{"coordinates":[[-73.57122,6.13153],[-73.56995,6.13035],[-73.56958,6.13046],[-73.56948,6.13101],[-73.56876,6.13062],[-73.56857,6.13141],[-73.56765,6.13141],[-73.56815,6.13196],[-73.56809,6.13271]],"type":"LineString"},"properties":{"advertencia":"Cartografía vial de contexto; no acredita transporte, comercialización ni exportación.","caso":"Serranía de los Agataes","crs_simplificacion_epsg":9377,"fecha_corte":"2026-08-28","fuente":"© OpenStreetMap contributors","fuente_url":"https://www.openstreetmap.org/copyright","highway":"path","nombre":"Vía OSM 865038086","osm_id":865038086,"surface":null,"tipo":"red_vial_contexto","tolerancia_simplificacion_m":20,"vista":"territorio"},"type":"Feature"},{"geometry":{"coordinates":[[-73.60395,6.12218],[-73.60569,6.12181],[-73.60719,6.12239],[-73.60905,6.12411],[-73.60964,6.12506],[-73.61109,6.12617]],"type":"LineString"},"properties":{"advertencia":"Cartografía vial de contexto; no acredita transporte, comercialización ni exportación.","caso":"Serranía de los Agataes","crs_simplificacion_epsg":9377,"fecha_corte":"2026-08-28","fuente":"© OpenStreetMap contributors","fuente_url":"https://www.openstreetmap.org/copyright","highway":"unclassified","nombre":"Vía OSM 886518870","osm_id":886518870,"surface":null,"tipo":"red_vial_contexto","tolerancia_simplificacion_m":20,"vista":"territorio"},"type":"Feature"},{"geometry":{"coordinates":[[-73.59512,6.12459],[-73.59494,6.12531],[-73.59404,6.12565]],"type":"LineString"},"properties":{"advertencia":"Cartografía vial de contexto; no acredita transporte, comercialización ni exportación.","caso":"Serranía de los Agataes","crs_simplificacion_epsg":9377,"fecha_corte":"2026-08-28","fuente":"© OpenStreetMap contributors","fuente_url":"https://www.openstreetmap.org/copyright","highway":"path","nombre":"Vía OSM 886519276","osm_id":886519276,"surface":null,"tipo":"red_vial_contexto","tolerancia_simplificacion_m":20,"vista":"territorio"},"type":"Feature"},{"geometry":{"coordinates":[[-73.63603,6.1093],[-73.63722,6.10945],[-73.638,6.10919]],"type":"LineString"},"properties":{"advertencia":"Cartografía vial de contexto; no acredita transporte, comercialización ni exportación.","caso":"Serranía de los Agataes","crs_simplificacion_epsg":9377,"fecha_corte":"2026-08-28","fuente":"© OpenStreetMap contributors","fuente_url":"https://www.openstreetmap.org/copyright","highway":"track","nombre":"Vía OSM 904509031","osm_id":904509031,"surface":null,"tipo":"red_vial_contexto","tolerancia_simplificacion_m":20,"vista":"territorio"},"type":"Feature"},{"geometry":{"coordinates":[[-73.63245,6.10683],[-73.63321,6.10703],[-73.63343,6.10742],[-73.63534,6.10787],[-73.63537,6.1083],[-73.63579,6.10829]],"type":"LineString"},"properties":{"advertencia":"Cartografía vial de contexto; no acredita transporte, comercialización ni exportación.","caso":"Serranía de los Agataes","crs_simplificacion_epsg":9377,"fecha_corte":"2026-08-28","fuente":"© OpenStreetMap contributors","fuente_url":"https://www.openstreetmap.org/copyright","highway":"track","nombre":"Vía OSM 904509101","osm_id":904509101,"surface":null,"tipo":"red_vial_contexto","tolerancia_simplificacion_m":20,"vista":"territorio"},"type":"Feature"},{"geometry":{"coordinates":[[-73.57544,6.20407],[-73.5749,6.20386]],"type":"LineString"},"properties":{"advertencia":"Cartografía vial de contexto; no acredita transporte, comercialización ni exportación.","caso":"Serranía de los Agataes","crs_simplificacion_epsg":9377,"fecha_corte":"2026-08-28","fuente":"© OpenStreetMap contributors","fuente_url":"https://www.openstreetmap.org/copyright","highway":"path","nombre":"Vía OSM 909612205","osm_id":909612205,"surface":null,"tipo":"red_vial_contexto","tolerancia_simplificacion_m":20,"vista":"territorio"},"type":"Feature"},{"geometry":{"coordinates":[[-73.58295,6.21264],[-73.58328,6.21329],[-73.58287,6.21495],[-73.58326,6.21561],[-73.58154,6.21825],[-73.58149,6.22011],[-73.58264,6.22127],[-73.58363,6.22162],[-73.58377,6.22378],[-73.58447,6.22487],[-73.5844,6.22563]],"type":"LineString"},"properties":{"advertencia":"Cartografía vial de contexto; no acredita transporte, comercialización ni exportación.","caso":"Serranía de los Agataes","crs_simplificacion_epsg":9377,"fecha_corte":"2026-08-28","fuente":"© OpenStreetMap contributors","fuente_url":"https://www.openstreetmap.org/copyright","highway":"path","nombre":"Vía OSM 909612209","osm_id":909612209,"surface":null,"tipo":"red_vial_contexto","tolerancia_simplificacion_m":20,"vista":"territorio"},"type":"Feature"},{"geometry":{"coordinates":[[-73.5749,6.20386],[-73.57561,6.20652],[-73.57808,6.20743],[-73.57932,6.20886],[-73.57969,6.2102],[-73.5801,6.2105],[-73.58124,6.21054],[-73.58256,6.2125],[-73.58438,6.21271],[-73.58422,6.21401]],"type":"LineString"},"properties":{"advertencia":"Cartografía vial de contexto; no acredita transporte, comercialización ni exportación.","caso":"Serranía de los Agataes","crs_simplificacion_epsg":9377,"fecha_corte":"2026-08-28","fuente":"© OpenStreetMap contributors","fuente_url":"https://www.openstreetmap.org/copyright","highway":"path","nombre":"Vía OSM 909612212","osm_id":909612212,"surface":null,"tipo":"red_vial_contexto","tolerancia_simplificacion_m":20,"vista":"territorio"},"type":"Feature"},{"geometry":{"coordinates":[[-73.58251,6.17863],[-73.58187,6.17869]],"type":"LineString"},"properties":{"advertencia":"Cartografía vial de contexto; no acredita transporte, comercialización ni exportación.","caso":"Serranía de los Agataes","crs_simplificacion_epsg":9377,"fecha_corte":"2026-08-28","fuente":"© OpenStreetMap contributors","fuente_url":"https://www.openstreetmap.org/copyright","highway":"path","nombre":"Vía OSM 909612213","osm_id":909612213,"surface":null,"tipo":"red_vial_contexto","tolerancia_simplificacion_m":20,"vista":"territorio"},"type":"Feature"},{"geometry":{"coordinates":[[-73.58153,6.17821],[-73.58187,6.17869]],"type":"LineString"},"properties":{"advertencia":"Cartografía vial de contexto; no acredita transporte, comercialización ni exportación.","caso":"Serranía de los Agataes","crs_simplificacion_epsg":9377,"fecha_corte":"2026-08-28","fuente":"© OpenStreetMap contributors","fuente_url":"https://www.openstreetmap.org/copyright","highway":"path","nombre":"Vía OSM 909612214","osm_id":909612214,"surface":null,"tipo":"red_vial_contexto","tolerancia_simplificacion_m":20,"vista":"territorio"},"type":"Feature"},{"geometry":{"coordinates":[[-73.56519,6.19794],[-73.56553,6.19855],[-73.56678,6.19902]],"type":"LineString"},"properties":{"advertencia":"Cartografía vial de contexto; no acredita transporte, comercialización ni exportación.","caso":"Serranía de los Agataes","crs_simplificacion_epsg":9377,"fecha_corte":"2026-08-28","fuente":"© OpenStreetMap contributors","fuente_url":"https://www.openstreetmap.org/copyright","highway":"unclassified","nombre":"Vía OSM 909612294","osm_id":909612294,"surface":"unpaved","tipo":"red_vial_contexto","tolerancia_simplificacion_m":20,"vista":"territorio"},"type":"Feature"},{"geometry":{"coordinates":[[-73.64644,6.22225],[-73.64509,6.22219],[-73.64463,6.22085],[-73.64513,6.21995],[-73.64535,6.21848]],"type":"LineString"},"properties":{"advertencia":"Cartografía vial de contexto; no acredita transporte, comercialización ni exportación.","caso":"Serranía de los Agataes","crs_simplificacion_epsg":9377,"fecha_corte":"2026-08-28","fuente":"© OpenStreetMap contributors","fuente_url":"https://www.openstreetmap.org/copyright","highway":"residential","nombre":"Vía OSM 909612299","osm_id":909612299,"surface":null,"tipo":"red_vial_contexto","tolerancia_simplificacion_m":20,"vista":"territorio"},"type":"Feature"},{"geometry":{"coordinates":[[-73.64001,6.21548],[-73.64039,6.21306]],"type":"LineString"},"properties":{"advertencia":"Cartografía vial de contexto; no acredita transporte, comercialización ni exportación.","caso":"Serranía de los Agataes","crs_simplificacion_epsg":9377,"fecha_corte":"2026-08-28","fuente":"© OpenStreetMap contributors","fuente_url":"https://www.openstreetmap.org/copyright","highway":"path","nombre":"Vía OSM 909612302","osm_id":909612302,"surface":null,"tipo":"red_vial_contexto","tolerancia_simplificacion_m":20,"vista":"territorio"},"type":"Feature"},{"geometry":{"coordinates":[[-73.58169,6.18082],[-73.5815,6.17968],[-73.58198,6.17891],[-73.58137,6.17868]],"type":"LineString"},"properties":{"advertencia":"Cartografía vial de contexto; no acredita transporte, comercialización ni exportación.","caso":"Serranía de los Agataes","crs_simplificacion_epsg":9377,"fecha_corte":"2026-08-28","fuente":"© OpenStreetMap contributors","fuente_url":"https://www.openstreetmap.org/copyright","highway":"path","nombre":"Vía OSM 909612304","osm_id":909612304,"surface":null,"tipo":"red_vial_contexto","tolerancia_simplificacion_m":20,"vista":"territorio"},"type":"Feature"},{"geometry":{"coordinates":[[-73.58928,6.1791],[-73.58924,6.1791]],"type":"LineString"},"properties":{"advertencia":"Cartografía vial de contexto; no acredita transporte, comercialización ni exportación.","caso":"Serranía de los Agataes","crs_simplificacion_epsg":9377,"fecha_corte":"2026-08-28","fuente":"© OpenStreetMap contributors","fuente_url":"https://www.openstreetmap.org/copyright","highway":"service","nombre":"Vía OSM 1092995056","osm_id":1092995056,"surface":null,"tipo":"red_vial_contexto","tolerancia_simplificacion_m":20,"vista":"territorio"},"type":"Feature"},{"geometry":{"coordinates":[[-73.58934,6.1791],[-73.58928,6.1791]],"type":"LineString"},"properties":{"advertencia":"Cartografía vial de contexto; no acredita transporte, comercialización ni exportación.","caso":"Serranía de los Agataes","crs_simplificacion_epsg":9377,"fecha_corte":"2026-08-28","fuente":"© OpenStreetMap contributors","fuente_url":"https://www.openstreetmap.org/copyright","highway":"service","nombre":"Vía OSM 1092995057","osm_id":1092995057,"surface":null,"tipo":"red_vial_contexto","tolerancia_simplificacion_m":20,"vista":"territorio"},"type":"Feature"},{"geometry":{"coordinates":[[-73.58934,6.17913],[-73.58928,6.17913]],"type":"LineString"},"properties":{"advertencia":"Cartografía vial de contexto; no acredita transporte, comercialización ni exportación.","caso":"Serranía de los Agataes","crs_simplificacion_epsg":9377,"fecha_corte":"2026-08-28","fuente":"© OpenStreetMap contributors","fuente_url":"https://www.openstreetmap.org/copyright","highway":"service","nombre":"Vía OSM 1092995058","osm_id":1092995058,"surface":null,"tipo":"red_vial_contexto","tolerancia_simplificacion_m":20,"vista":"territorio"},"type":"Feature"},{"geometry":{"coordinates":[[-73.58936,6.17913],[-73.58934,6.17913]],"type":"LineString"},"properties":{"advertencia":"Cartografía vial de contexto; no acredita transporte, comercialización ni exportación.","caso":"Serranía de los Agataes","crs_simplificacion_epsg":9377,"fecha_corte":"2026-08-28","fuente":"© OpenStreetMap contributors","fuente_url":"https://www.openstreetmap.org/copyright","highway":"service","nombre":"Vía OSM 1092995059","osm_id":1092995059,"surface":null,"tipo":"red_vial_contexto","tolerancia_simplificacion_m":20,"vista":"territorio"},"type":"Feature"},{"geometry":{"coordinates":[[-73.57883,6.1821],[-73.57887,6.1813],[-73.57981,6.18121],[-73.58062,6.1823],[-73.5809,6.1823],[-73.58151,6.18173],[-73.58162,6.1809],[-73.58202,6.18082],[-73.58258,6.18145],[-73.58341,6.18352]],"type":"LineString"},"properties":{"advertencia":"Cartografía vial de contexto; no acredita transporte, comercialización ni exportación.","caso":"Serranía de los Agataes","crs_simplificacion_epsg":9377,"fecha_corte":"2026-08-28","fuente":"© OpenStreetMap contributors","fuente_url":"https://www.openstreetmap.org/copyright","highway":"secondary","nombre":"La Paz - Aguada","osm_id":1216026616,"surface":"gravel","tipo":"red_vial_contexto","tolerancia_simplificacion_m":20,"vista":"territorio"},"type":"Feature"},{"geometry":{"coordinates":[[-73.58341,6.18352],[-73.58361,6.18353]],"type":"LineString"},"properties":{"advertencia":"Cartografía vial de contexto; no acredita transporte, comercialización ni exportación.","caso":"Serranía de los Agataes","crs_simplificacion_epsg":9377,"fecha_corte":"2026-08-28","fuente":"© OpenStreetMap contributors","fuente_url":"https://www.openstreetmap.org/copyright","highway":"secondary","nombre":"La Paz - Aguada","osm_id":1216026617,"surface":"gravel","tipo":"red_vial_contexto","tolerancia_simplificacion_m":20,"vista":"territorio"},"type":"Feature"},{"geometry":{"coordinates":[[-73.60787,6.13185],[-73.60633,6.13126]],"type":"LineString"},"properties":{"advertencia":"Cartografía vial de contexto; no acredita transporte, comercialización ni exportación.","caso":"Serranía de los Agataes","crs_simplificacion_epsg":9377,"fecha_corte":"2026-08-28","fuente":"© OpenStreetMap contributors","fuente_url":"https://www.openstreetmap.org/copyright","highway":"unclassified","nombre":"Vía OSM 1216035080","osm_id":1216035080,"surface":null,"tipo":"red_vial_contexto","tolerancia_simplificacion_m":20,"vista":"territorio"},"type":"Feature"},{"geometry":{"coordinates":[[-73.58935,6.17906],[-73.59005,6.17892]],"type":"LineString"},"properties":{"advertencia":"Cartografía vial de contexto; no acredita transporte, comercialización ni exportación.","caso":"Serranía de los Agataes","crs_simplificacion_epsg":9377,"fecha_corte":"2026-08-28","fuente":"© OpenStreetMap contributors","fuente_url":"https://www.openstreetmap.org/copyright","highway":"secondary","nombre":"Calle 5","osm_id":1272184056,"surface":null,"tipo":"red_vial_contexto","tolerancia_simplificacion_m":20,"vista":"territorio"},"type":"Feature"},{"geometry":{"coordinates":[[-73.58978,6.17759],[-73.58913,6.17766]],"type":"LineString"},"properties":{"advertencia":"Cartografía vial de contexto; no acredita transporte, comercialización ni exportación.","caso":"Serranía de los Agataes","crs_simplificacion_epsg":9377,"fecha_corte":"2026-08-28","fuente":"© OpenStreetMap contributors","fuente_url":"https://www.openstreetmap.org/copyright","highway":"tertiary","nombre":"Calle 3","osm_id":1272184057,"surface":null,"tipo":"red_vial_contexto","tolerancia_simplificacion_m":20,"vista":"territorio"},"type":"Feature"},{"geometry":{"coordinates":[[-73.58978,6.17759],[-73.59005,6.17892]],"type":"LineString"},"properties":{"advertencia":"Cartografía vial de contexto; no acredita transporte, comercialización ni exportación.","caso":"Serranía de los Agataes","crs_simplificacion_epsg":9377,"fecha_corte":"2026-08-28","fuente":"© OpenStreetMap contributors","fuente_url":"https://www.openstreetmap.org/copyright","highway":"secondary","nombre":"Carrera 4","osm_id":1272184058,"surface":"paved","tipo":"red_vial_contexto","tolerancia_simplificacion_m":20,"vista":"territorio"},"type":"Feature"},{"geometry":{"coordinates":[[-73.58966,6.17671],[-73.58978,6.17759]],"type":"LineString"},"properties":{"advertencia":"Cartografía vial de contexto; no acredita transporte, comercialización ni exportación.","caso":"Serranía de los Agataes","crs_simplificacion_epsg":9377,"fecha_corte":"2026-08-28","fuente":"© OpenStreetMap contributors","fuente_url":"https://www.openstreetmap.org/copyright","highway":"residential","nombre":"Carrera 4","osm_id":1272184059,"surface":"paved","tipo":"red_vial_contexto","tolerancia_simplificacion_m":20,"vista":"territorio"},"type":"Feature"},{"geometry":{"coordinates":[[-73.62091,6.09934],[-73.61976,6.1017],[-73.61993,6.10315]],"type":"LineString"},"properties":{"advertencia":"Cartografía vial de contexto; no acredita transporte, comercialización ni exportación.","caso":"Serranía de los Agataes","crs_simplificacion_epsg":9377,"fecha_corte":"2026-08-28","fuente":"© OpenStreetMap contributors","fuente_url":"https://www.openstreetmap.org/copyright","highway":"track","nombre":"Vía OSM 1530913891","osm_id":1530913891,"surface":null,"tipo":"red_vial_contexto","tolerancia_simplificacion_m":20,"vista":"territorio"},"type":"Feature"},{"geometry":{"coordinates":[[-84.54994,10.69757],[-84.54934,10.69755],[-84.54686,10.69872],[-84.54381,10.69869],[-84.5428,10.6992],[-84.5415,10.69924],[-84.53931,10.70002],[-84.53884,10.7],[-84.5354,10.69742],[-84.53376,10.69702],[-84.53261,10.69793],[-84.53138,10.69944],[-84.53032,10.69991],[-84.52888,10.70106],[-84.52895,10.70293],[-84.52827,10.70448],[-84.52837,10.70559],[-84.52675,10.70594],[-84.52444,10.7087],[-84.52405,10.70962],[-84.52407,10.71217],[-84.52069,10.71651],[-84.51987,10.71667],[-84.51784,10.71919],[-84.51678,10.71968],[-84.51688,10.721],[-84.51628,10.72212],[-84.51516,10.72278],[-84.51407,10.72438],[-84.5121,10.72606],[-84.51157,10.72805],[-84.51192,10.72931],[-84.51179,10.72979],[-84.50856,10.73177],[-84.50772,10.7319],[-84.50512,10.73489],[-84.50411,10.73546],[-84.50252,10.73571],[-84.501,10.73638],[-84.50018,10.73755],[-84.49892,10.73808],[-84.49937,10.73899],[-84.4995,10.74071],[-84.49867,10.74336],[-84.49878,10.74447],[-84.4965,10.74683],[-84.49603,10.74706],[-84.49412,10.74677],[-84.49241,10.74704],[-84.4917,10.74781],[-84.49108,10.75413],[-84.49164,10.75695],[-84.49041,10.76331],[-84.4878,10.76728],[-84.48608,10.76816],[-84.48524,10.76945],[-84.48418,10.77029],[-84.48129,10.77183],[-84.48004,10.77207],[-84.47701,10.77352],[-84.47685,10.77425],[-84.47724,10.77558],[-84.47705,10.77642],[-84.47532,10.77728],[-84.47449,10.77826],[-84.47486,10.78015],[-84.47471,10.78211],[-84.47395,10.78262],[-84.47148,10.78262],[-84.46988,10.78465],[-84.46973,10.78508],[-84.47031,10.78627],[-84.47029,10.78682],[-84.46935,10.78875],[-84.46887,10.79395],[-84.46394,10.79674],[-84.46231,10.79662],[-84.45934,10.79766],[-84.4582,10.79961],[-84.45824,10.80133],[-84.458,10.80158],[-84.45439,10.80252],[-84.45358,10.80177],[-84.45255,10.80212],[-84.45134,10.80194],[-84.45038,10.80257],[-84.44947,10.80252],[-84.44898,10.80298],[-84.44875,10.80368],[-84.44729,10.80557],[-84.44701,10.80655],[-84.44747,10.80771],[-84.44905,10.80986],[-84.44936,10.81194],[-84.44892,10.81235],[-84.44747,10.81282],[-84.44655,10.8139],[-84.44634,10.81493],[-84.44707,10.81628],[-84.44712,10.81745],[-84.4467,10.81827],[-84.44491,10.81919],[-84.44314,10.82158],[-84.44303,10.82454],[-84.44174,10.82754],[-84.43987,10.83004],[-84.43969,10.83182],[-84.43773,10.83475],[-84.43734,10.83578],[-84.4364,10.83664],[-84.43444,10.8375],[-84.43421,10.83881],[-84.43337,10.83964],[-84.42944,10.83953],[-84.42901,10.8391],[-84.42875,10.83809],[-84.42851,10.83806],[-84.42667,10.83895],[-84.42099,10.84075],[-84.41996,10.84136],[-84.42065,10.84337],[-84.42111,10.84841],[-84.42088,10.85156],[-84.41636,10.85359],[-84.41458,10.8547],[-84.41289,10.86011],[-84.4132,10.86287],[-84.41291,10.86417],[-84.41182,10.86616],[-84.41063,10.86744],[-84.40959,10.8679],[-84.40814,10.8702],[-84.40709,10.8726],[-84.40677,10.87427],[-84.40512,10.87767],[-84.40519,10.87932],[-84.40477,10.88014],[-84.40231,10.88194],[-84.40174,10.88445],[-84.39692,10.88695],[-84.39438,10.88788],[-84.39276,10.88919],[-84.39126,10.88935],[-84.38904,10.88882],[-84.38736,10.88919],[-84.38531,10.88907],[-84.38348,10.89049],[-84.3843,10.89419],[-84.38326,10.89907],[-84.38351,10.90154],[-84.38336,10.90518],[-84.38182,10.90713],[-84.38164,10.90945],[-84.38058,10.91215],[-84.38061,10.91337],[-84.37889,10.91741],[-84.37851,10.91806],[-84.3771,10.91925],[-84.37667,10.92039],[-84.37486,10.92255],[-84.37443,10.92377],[-84.3739,10.92438],[-84.37251,10.92493],[-84.36877,10.92527],[-84.36743,10.92616],[-84.36681,10.92626],[-84.36598,10.92625],[-84.36495,10.92546],[-84.36308,10.92534],[-84.36116,10.92625],[-84.36105,10.92684],[-84.3616,10.92775],[-84.36133,10.9282]],"type":"LineString"},"properties":{"advertencia":"Cartografía vial de contexto; no acredita transporte, comercialización ni exportación.","caso":"Proyecto Minero Crucitas","crs_simplificacion_epsg":5367,"fecha_corte":"2026-08-28","fuente":"© OpenStreetMap contributors","fuente_url":"https://www.openstreetmap.org/copyright","highway":"tertiary","nombre":"Vía 761","osm_id":184602440,"surface":null,"tipo":"red_vial_contexto","tolerancia_simplificacion_m":20,"vista":"territorio"},"type":"Feature"},{"geometry":{"coordinates":[[-84.34391,10.94797],[-84.34324,10.94725],[-84.34256,10.94701],[-84.34029,10.94764],[-84.33947,10.9476],[-84.33806,10.94627],[-84.33699,10.94596],[-84.33653,10.94545],[-84.33614,10.94475],[-84.33531,10.94101],[-84.33554,10.9387],[-84.33526,10.93694],[-84.33356,10.93345],[-84.33344,10.93158],[-84.33292,10.93039],[-84.32958,10.9279],[-84.32895,10.92638],[-84.32768,10.92517],[-84.32633,10.92286],[-84.32547,10.91974],[-84.32312,10.91735],[-84.32106,10.91616],[-84.31668,10.91542],[-84.31616,10.91556],[-84.31585,10.91607],[-84.31539,10.91601],[-84.31421,10.91675],[-84.31317,10.91688],[-84.31113,10.91796],[-84.30962,10.91723],[-84.30907,10.91614],[-84.30811,10.91591],[-84.30651,10.91483],[-84.30255,10.91491],[-84.30077,10.91412],[-84.29968,10.91489],[-84.29886,10.91372],[-84.29684,10.91261],[-84.2949,10.91278],[-84.29406,10.91239],[-84.29275,10.91156],[-84.29203,10.91067],[-84.29202,10.90837],[-84.29075,10.90629],[-84.28901,10.90227],[-84.28907,10.89874],[-84.28654,10.89483],[-84.28511,10.89374],[-84.28123,10.89198],[-84.27704,10.89211],[-84.27515,10.89116],[-84.26984,10.89164],[-84.26474,10.89032],[-84.25998,10.89111],[-84.25876,10.89096],[-84.25319,10.88855],[-84.24903,10.88723],[-84.24477,10.8849],[-84.24209,10.88239],[-84.24104,10.88084],[-84.23957,10.87723],[-84.23769,10.8756]],"type":"LineString"},"properties":{"advertencia":"Cartografía vial de contexto; no acredita transporte, comercialización ni exportación.","caso":"Proyecto Minero Crucitas","crs_simplificacion_epsg":5367,"fecha_corte":"2026-08-28","fuente":"© OpenStreetMap contributors","fuente_url":"https://www.openstreetmap.org/copyright","highway":"tertiary","nombre":"Carretera Juan Rafael Mora Porras","osm_id":427855606,"surface":null,"tipo":"red_vial_contexto","tolerancia_simplificacion_m":20,"vista":"territorio"},"type":"Feature"},{"geometry":{"coordinates":[[-84.34745,10.82467],[-84.34581,10.82145],[-84.34406,10.81962],[-84.34389,10.81821],[-84.34457,10.81632],[-84.34578,10.81529],[-84.34945,10.81385],[-84.34971,10.81258],[-84.35128,10.81076],[-84.35093,10.80941],[-84.35099,10.8084],[-84.35475,10.80706],[-84.35549,10.80525],[-84.35662,10.80437],[-84.3571,10.80312],[-84.35885,10.8017],[-84.3593,10.80079],[-84.3603,10.7998],[-84.36057,10.79797],[-84.3613,10.79744]],"type":"LineString"},"properties":{"advertencia":"Cartografía vial de contexto; no acredita transporte, comercialización ni exportación.","caso":"Proyecto Minero Crucitas","crs_simplificacion_epsg":5367,"fecha_corte":"2026-08-28","fuente":"© OpenStreetMap contributors","fuente_url":"https://www.openstreetmap.org/copyright","highway":"residential","nombre":"Calle Crucitas","osm_id":509505370,"surface":null,"tipo":"red_vial_contexto","tolerancia_simplificacion_m":20,"vista":"territorio"},"type":"Feature"},{"geometry":{"coordinates":[[-84.33345,10.8869],[-84.3325,10.88737],[-84.33097,10.88941],[-84.33011,10.88993],[-84.32945,10.88996],[-84.32843,10.88923],[-84.32776,10.88937]],"type":"LineString"},"properties":{"advertencia":"Cartografía vial de contexto; no acredita transporte, comercialización ni exportación.","caso":"Proyecto Minero Crucitas","crs_simplificacion_epsg":5367,"fecha_corte":"2026-08-28","fuente":"© OpenStreetMap contributors","fuente_url":"https://www.openstreetmap.org/copyright","highway":"unclassified","nombre":"Calle Escuela Crucitas","osm_id":509505380,"surface":null,"tipo":"red_vial_contexto","tolerancia_simplificacion_m":20,"vista":"territorio"},"type":"Feature"},{"geometry":{"coordinates":[[-84.33746,10.88337],[-84.33803,10.88285],[-84.33795,10.88164],[-84.3366,10.87735],[-84.33724,10.87608],[-84.33722,10.87543],[-84.3381,10.87442],[-84.33888,10.87399],[-84.34136,10.87355],[-84.34239,10.87176],[-84.34356,10.87109],[-84.34396,10.86733]],"type":"LineString"},"properties":{"advertencia":"Cartografía vial de contexto; no acredita transporte, comercialización ni exportación.","caso":"Proyecto Minero Crucitas","crs_simplificacion_epsg":5367,"fecha_corte":"2026-08-28","fuente":"© OpenStreetMap contributors","fuente_url":"https://www.openstreetmap.org/copyright","highway":"unclassified","nombre":"Calle Crucitas","osm_id":509505383,"surface":null,"tipo":"red_vial_contexto","tolerancia_simplificacion_m":20,"vista":"territorio"},"type":"Feature"},{"geometry":{"coordinates":[[-84.26701,10.89086],[-84.26819,10.88987],[-84.26808,10.88738],[-84.2689,10.88661],[-84.26934,10.88562],[-84.27042,10.88508],[-84.27094,10.88443],[-84.27123,10.88257],[-84.27207,10.88125],[-84.27178,10.88049],[-84.27192,10.87893],[-84.27147,10.87819],[-84.27175,10.87733],[-84.27172,10.87465],[-84.27121,10.87402],[-84.26819,10.8726],[-84.26774,10.87143],[-84.26667,10.871],[-84.26666,10.86984],[-84.2672,10.86905],[-84.26849,10.86867],[-84.27083,10.86732],[-84.27091,10.86685],[-84.27005,10.86603],[-84.27011,10.86575],[-84.27054,10.86531],[-84.27202,10.86495],[-84.27277,10.86431],[-84.27323,10.86425],[-84.27387,10.86464],[-84.27468,10.86454],[-84.27506,10.86385],[-84.2756,10.8637],[-84.27655,10.8649],[-84.27788,10.86484],[-84.27779,10.86521],[-84.27723,10.86549],[-84.27712,10.86593],[-84.27736,10.86612],[-84.27949,10.86491],[-84.28051,10.86365],[-84.28173,10.86334],[-84.28238,10.86286],[-84.2846,10.86025],[-84.2858,10.86008],[-84.28607,10.85901],[-84.28709,10.85836],[-84.28778,10.85737],[-84.28787,10.85648],[-84.2884,10.85606],[-84.29084,10.85598],[-84.29235,10.85502],[-84.29357,10.85585],[-84.294,10.85522],[-84.29477,10.85485],[-84.2962,10.85127],[-84.29674,10.85083],[-84.29748,10.8507],[-84.29996,10.85132],[-84.30059,10.85106],[-84.30178,10.84951],[-84.30454,10.84908],[-84.3066,10.8497],[-84.30913,10.84811],[-84.31073,10.84546],[-84.31189,10.84241],[-84.31403,10.8414],[-84.31528,10.83947],[-84.31667,10.83903],[-84.3171,10.83797],[-84.31931,10.8359],[-84.32003,10.83366],[-84.31929,10.83312],[-84.31858,10.83306],[-84.31859,10.83217],[-84.31793,10.83168],[-84.31764,10.83098],[-84.3191,10.82839],[-84.31814,10.8259],[-84.31815,10.8252],[-84.31975,10.82403],[-84.32259,10.82333]],"type":"LineString"},"properties":{"advertencia":"Cartografía vial de contexto; no acredita transporte, comercialización ni exportación.","caso":"Proyecto Minero Crucitas","crs_simplificacion_epsg":5367,"fecha_corte":"2026-08-28","fuente":"© OpenStreetMap contributors","fuente_url":"https://www.openstreetmap.org/copyright","highway":"unclassified","nombre":"Calle Las Chorreras","osm_id":509505386,"surface":null,"tipo":"red_vial_contexto","tolerancia_simplificacion_m":20,"vista":"territorio"},"type":"Feature"},{"geometry":{"coordinates":[[-84.2846,10.86025],[-84.28527,10.85905],[-84.28494,10.85759],[-84.28325,10.85591],[-84.28308,10.85522],[-84.28167,10.85445]],"type":"LineString"},"properties":{"advertencia":"Cartografía vial de contexto; no acredita transporte, comercialización ni exportación.","caso":"Proyecto Minero Crucitas","crs_simplificacion_epsg":5367,"fecha_corte":"2026-08-28","fuente":"© OpenStreetMap contributors","fuente_url":"https://www.openstreetmap.org/copyright","highway":"service","nombre":"Vía OSM 509505401","osm_id":509505401,"surface":null,"tipo":"red_vial_contexto","tolerancia_simplificacion_m":20,"vista":"territorio"},"type":"Feature"},{"geometry":{"coordinates":[[-84.33345,10.8869],[-84.33206,10.88431],[-84.32905,10.88122],[-84.32808,10.87898],[-84.32568,10.87953],[-84.32338,10.87792],[-84.32144,10.87803],[-84.32006,10.87713],[-84.31767,10.87651],[-84.31699,10.87595],[-84.31652,10.87494],[-84.31504,10.87386],[-84.31416,10.87241],[-84.31457,10.86964],[-84.31399,10.86897],[-84.31306,10.86864],[-84.31194,10.8677],[-84.31154,10.86637]],"type":"LineString"},"properties":{"advertencia":"Cartografía vial de contexto; no acredita transporte, comercialización ni exportación.","caso":"Proyecto Minero Crucitas","crs_simplificacion_epsg":5367,"fecha_corte":"2026-08-28","fuente":"© OpenStreetMap contributors","fuente_url":"https://www.openstreetmap.org/copyright","highway":"residential","nombre":"Calle El Proyecto","osm_id":509506780,"surface":null,"tipo":"red_vial_contexto","tolerancia_simplificacion_m":20,"vista":"territorio"},"type":"Feature"},{"geometry":{"coordinates":[[-84.30313,10.9149],[-84.30316,10.91405],[-84.30377,10.91358],[-84.30405,10.91272],[-84.30468,10.91228],[-84.30601,10.91245],[-84.30847,10.91417],[-84.30999,10.91402],[-84.31386,10.91192],[-84.31421,10.91146],[-84.3146,10.90953],[-84.31768,10.91052],[-84.31924,10.9099]],"type":"LineString"},"properties":{"advertencia":"Cartografía vial de contexto; no acredita transporte, comercialización ni exportación.","caso":"Proyecto Minero Crucitas","crs_simplificacion_epsg":5367,"fecha_corte":"2026-08-28","fuente":"© OpenStreetMap contributors","fuente_url":"https://www.openstreetmap.org/copyright","highway":"track","nombre":"Vía OSM 509506781","osm_id":509506781,"surface":null,"tipo":"red_vial_contexto","tolerancia_simplificacion_m":20,"vista":"territorio"},"type":"Feature"},{"geometry":{"coordinates":[[-84.31924,10.9099],[-84.32003,10.90873],[-84.31981,10.90802]],"type":"LineString"},"properties":{"advertencia":"Cartografía vial de contexto; no acredita transporte, comercialización ni exportación.","caso":"Proyecto Minero Crucitas","crs_simplificacion_epsg":5367,"fecha_corte":"2026-08-28","fuente":"© OpenStreetMap contributors","fuente_url":"https://www.openstreetmap.org/copyright","highway":"track","nombre":"Vía OSM 509506782","osm_id":509506782,"surface":null,"tipo":"red_vial_contexto","tolerancia_simplificacion_m":20,"vista":"territorio"},"type":"Feature"},{"geometry":{"coordinates":[[-84.31981,10.90802],[-84.31994,10.90654],[-84.3195,10.90571],[-84.31853,10.90496],[-84.31844,10.90428],[-84.31921,10.90383],[-84.32033,10.90402],[-84.3205,10.90258],[-84.32147,10.90219],[-84.32159,10.90185],[-84.32017,10.89997],[-84.32011,10.8988],[-84.32122,10.89813],[-84.3222,10.89814],[-84.32306,10.89751],[-84.3244,10.89722],[-84.32553,10.89646],[-84.32661,10.89458],[-84.32662,10.89357],[-84.32776,10.88937]],"type":"LineString"},"properties":{"advertencia":"Cartografía vial de contexto; no acredita transporte, comercialización ni exportación.","caso":"Proyecto Minero Crucitas","crs_simplificacion_epsg":5367,"fecha_corte":"2026-08-28","fuente":"© OpenStreetMap contributors","fuente_url":"https://www.openstreetmap.org/copyright","highway":"unclassified","nombre":"Calle Alfredo Arias","osm_id":509506783,"surface":null,"tipo":"red_vial_contexto","tolerancia_simplificacion_m":20,"vista":"territorio"},"type":"Feature"},{"geometry":{"coordinates":[[-84.33746,10.88337],[-84.33894,10.88378],[-84.34181,10.88321],[-84.34503,10.88346],[-84.34558,10.8842],[-84.34531,10.88499],[-84.34586,10.88607],[-84.34589,10.88756],[-84.34772,10.8886],[-84.35024,10.88946],[-84.35274,10.89192],[-84.35384,10.89213],[-84.35462,10.89311],[-84.35609,10.89418],[-84.35781,10.89457],[-84.3591,10.89535],[-84.3597,10.89548],[-84.36427,10.8945],[-84.36656,10.89197]],"type":"LineString"},"properties":{"advertencia":"Cartografía vial de contexto; no acredita transporte, comercialización ni exportación.","caso":"Proyecto Minero Crucitas","crs_simplificacion_epsg":5367,"fecha_corte":"2026-08-28","fuente":"© OpenStreetMap contributors","fuente_url":"https://www.openstreetmap.org/copyright","highway":"residential","nombre":"Calle Crucitas","osm_id":509507910,"surface":null,"tipo":"red_vial_contexto","tolerancia_simplificacion_m":20,"vista":"territorio"},"type":"Feature"},{"geometry":{"coordinates":[[-84.37968,10.89416],[-84.38107,10.89412],[-84.38184,10.89344],[-84.38404,10.89268]],"type":"LineString"},"properties":{"advertencia":"Cartografía vial de contexto; no acredita transporte, comercialización ni exportación.","caso":"Proyecto Minero Crucitas","crs_simplificacion_epsg":5367,"fecha_corte":"2026-08-28","fuente":"© OpenStreetMap contributors","fuente_url":"https://www.openstreetmap.org/copyright","highway":"residential","nombre":"Calle Crucitas","osm_id":509507911,"surface":null,"tipo":"red_vial_contexto","tolerancia_simplificacion_m":20,"vista":"territorio"},"type":"Feature"},{"geometry":{"coordinates":[[-84.34391,10.94797],[-84.34464,10.94654],[-84.345,10.9446],[-84.34695,10.94335],[-84.34722,10.94271],[-84.3471,10.94101],[-84.3486,10.93967],[-84.34857,10.93589],[-84.34954,10.93413],[-84.35183,10.93439],[-84.35447,10.9328],[-84.35607,10.93321],[-84.35753,10.93321],[-84.35963,10.93269],[-84.36014,10.9317],[-84.36012,10.92985],[-84.36108,10.92914],[-84.36133,10.9282]],"type":"LineString"},"properties":{"advertencia":"Cartografía vial de contexto; no acredita transporte, comercialización ni exportación.","caso":"Proyecto Minero Crucitas","crs_simplificacion_epsg":5367,"fecha_corte":"2026-08-28","fuente":"© OpenStreetMap contributors","fuente_url":"https://www.openstreetmap.org/copyright","highway":"tertiary","nombre":"Vía 761","osm_id":509508435,"surface":null,"tipo":"red_vial_contexto","tolerancia_simplificacion_m":20,"vista":"territorio"},"type":"Feature"},{"geometry":{"coordinates":[[-84.36444,10.79616],[-84.36466,10.79645],[-84.36606,10.79658],[-84.36706,10.7973],[-84.3684,10.79921],[-84.36922,10.80178],[-84.36937,10.80505],[-84.36903,10.806],[-84.36909,10.80679],[-84.36851,10.80811],[-84.36834,10.81023],[-84.36872,10.81432],[-84.36955,10.81533],[-84.36985,10.81739],[-84.36958,10.81796],[-84.36866,10.81809],[-84.36792,10.81872],[-84.3679,10.81905]],"type":"LineString"},"properties":{"advertencia":"Cartografía vial de contexto; no acredita transporte, comercialización ni exportación.","caso":"Proyecto Minero Crucitas","crs_simplificacion_epsg":5367,"fecha_corte":"2026-08-28","fuente":"© OpenStreetMap contributors","fuente_url":"https://www.openstreetmap.org/copyright","highway":"unclassified","nombre":"Vía OSM 639834485","osm_id":639834485,"surface":null,"tipo":"red_vial_contexto","tolerancia_simplificacion_m":20,"vista":"territorio"},"type":"Feature"},{"geometry":{"coordinates":[[-84.34745,10.82467],[-84.34818,10.82542],[-84.34891,10.82568],[-84.35011,10.827],[-84.35003,10.82908],[-84.3511,10.83046],[-84.35068,10.83177],[-84.35084,10.83377],[-84.35226,10.8386],[-84.35234,10.83976],[-84.35194,10.84043],[-84.35048,10.84025],[-84.34977,10.84071]],"type":"LineString"},"properties":{"advertencia":"Cartografía vial de contexto; no acredita transporte, comercialización ni exportación.","caso":"Proyecto Minero Crucitas","crs_simplificacion_epsg":5367,"fecha_corte":"2026-08-28","fuente":"© OpenStreetMap contributors","fuente_url":"https://www.openstreetmap.org/copyright","highway":"residential","nombre":"Calle Crucitas","osm_id":639834486,"surface":null,"tipo":"red_vial_contexto","tolerancia_simplificacion_m":20,"vista":"territorio"},"type":"Feature"},{"geometry":{"coordinates":[[-84.34001,10.85436],[-84.33706,10.85475],[-84.33606,10.85519],[-84.33431,10.85462],[-84.33284,10.85476],[-84.32998,10.85288],[-84.32754,10.85405],[-84.32655,10.85419],[-84.32428,10.85613],[-84.32392,10.85718],[-84.3233,10.85771],[-84.32274,10.85775],[-84.32224,10.85839],[-84.32215,10.85925],[-84.32111,10.86027],[-84.31984,10.86088],[-84.31785,10.86076],[-84.31122,10.8644],[-84.31003,10.86447],[-84.31005,10.86483],[-84.31084,10.86564],[-84.31081,10.86613],[-84.31154,10.86637]],"type":"LineString"},"properties":{"advertencia":"Cartografía vial de contexto; no acredita transporte, comercialización ni exportación.","caso":"Proyecto Minero Crucitas","crs_simplificacion_epsg":5367,"fecha_corte":"2026-08-28","fuente":"© OpenStreetMap contributors","fuente_url":"https://www.openstreetmap.org/copyright","highway":"residential","nombre":"Calle El Proyecto","osm_id":639834487,"surface":null,"tipo":"red_vial_contexto","tolerancia_simplificacion_m":20,"vista":"territorio"},"type":"Feature"},{"geometry":{"coordinates":[[-84.31307,10.78222],[-84.31367,10.78337],[-84.3136,10.78377],[-84.31246,10.78452],[-84.31169,10.78436],[-84.3108,10.78487],[-84.31047,10.78552],[-84.31063,10.78665],[-84.30981,10.78711],[-84.30941,10.78808],[-84.30871,10.78859],[-84.30755,10.79252],[-84.30696,10.79333],[-84.30613,10.79319],[-84.30566,10.7937],[-84.30657,10.79547],[-84.30655,10.79627],[-84.30696,10.79725],[-84.30684,10.79797],[-84.30797,10.79947],[-84.30796,10.79998],[-84.30737,10.80076],[-84.30602,10.80134],[-84.30525,10.80084],[-84.30447,10.80076],[-84.30266,10.8036],[-84.302,10.80419],[-84.30096,10.80406],[-84.30038,10.80445],[-84.3007,10.8064],[-84.30164,10.80816],[-84.30222,10.81017],[-84.30213,10.81097],[-84.30266,10.81134],[-84.30296,10.81211],[-84.30287,10.81258],[-84.30236,10.81299],[-84.30262,10.81362],[-84.30248,10.81422],[-84.30348,10.81502],[-84.30465,10.81523],[-84.30521,10.81528],[-84.30586,10.81478]],"type":"LineString"},"properties":{"advertencia":"Cartografía vial de contexto; no acredita transporte, comercialización ni exportación.","caso":"Proyecto Minero Crucitas","crs_simplificacion_epsg":5367,"fecha_corte":"2026-08-28","fuente":"© OpenStreetMap contributors","fuente_url":"https://www.openstreetmap.org/copyright","highway":"unclassified","nombre":"Calle Chamorro","osm_id":665140142,"surface":null,"tipo":"red_vial_contexto","tolerancia_simplificacion_m":20,"vista":"territorio"},"type":"Feature"},{"geometry":{"coordinates":[[-84.31106,10.84455],[-84.3123,10.84506],[-84.31246,10.84624],[-84.31502,10.8465],[-84.31529,10.84699],[-84.31502,10.84805],[-84.31579,10.84868],[-84.31712,10.84814],[-84.31916,10.84832],[-84.31986,10.848]],"type":"LineString"},"properties":{"advertencia":"Cartografía vial de contexto; no acredita transporte, comercialización ni exportación.","caso":"Proyecto Minero Crucitas","crs_simplificacion_epsg":5367,"fecha_corte":"2026-08-28","fuente":"© OpenStreetMap contributors","fuente_url":"https://www.openstreetmap.org/copyright","highway":"unclassified","nombre":"Calle El Roble","osm_id":665147400,"surface":null,"tipo":"red_vial_contexto","tolerancia_simplificacion_m":20,"vista":"territorio"},"type":"Feature"},{"geometry":{"coordinates":[[-84.34396,10.86733],[-84.34395,10.86417],[-84.34108,10.8595],[-84.34142,10.85837],[-84.34131,10.85729],[-84.34042,10.85599],[-84.34001,10.85436]],"type":"LineString"},"properties":{"advertencia":"Cartografía vial de contexto; no acredita transporte, comercialización ni exportación.","caso":"Proyecto Minero Crucitas","crs_simplificacion_epsg":5367,"fecha_corte":"2026-08-28","fuente":"© OpenStreetMap contributors","fuente_url":"https://www.openstreetmap.org/copyright","highway":"unclassified","nombre":"Calle Crucitas","osm_id":665148213,"surface":null,"tipo":"red_vial_contexto","tolerancia_simplificacion_m":20,"vista":"territorio"},"type":"Feature"},{"geometry":{"coordinates":[[-84.36925,10.9252],[-84.36706,10.923],[-84.36417,10.92175],[-84.36304,10.92165],[-84.36191,10.92082],[-84.36096,10.92107],[-84.3595,10.92076],[-84.35781,10.921],[-84.35718,10.92139],[-84.3551,10.92017]],"type":"LineString"},"properties":{"advertencia":"Cartografía vial de contexto; no acredita transporte, comercialización ni exportación.","caso":"Proyecto Minero Crucitas","crs_simplificacion_epsg":5367,"fecha_corte":"2026-08-28","fuente":"© OpenStreetMap contributors","fuente_url":"https://www.openstreetmap.org/copyright","highway":"unclassified","nombre":"Calle Los Jocotes","osm_id":665692902,"surface":null,"tipo":"red_vial_contexto","tolerancia_simplificacion_m":20,"vista":"territorio"},"type":"Feature"},{"geometry":{"coordinates":[[-84.38348,10.89049],[-84.38255,10.88822],[-84.38265,10.88352],[-84.38556,10.87954],[-84.3871,10.87543],[-84.38822,10.87419],[-84.38979,10.87325],[-84.39092,10.87177],[-84.39229,10.8628],[-84.39152,10.86047]],"type":"LineString"},"properties":{"advertencia":"Cartografía vial de contexto; no acredita transporte, comercialización ni exportación.","caso":"Proyecto Minero Crucitas","crs_simplificacion_epsg":5367,"fecha_corte":"2026-08-28","fuente":"© OpenStreetMap contributors","fuente_url":"https://www.openstreetmap.org/copyright","highway":"unclassified","nombre":"Calle Moravia","osm_id":665693591,"surface":null,"tipo":"red_vial_contexto","tolerancia_simplificacion_m":20,"vista":"territorio"},"type":"Feature"},{"geometry":{"coordinates":[[-84.38499,10.88928],[-84.38403,10.88776]],"type":"LineString"},"properties":{"advertencia":"Cartografía vial de contexto; no acredita transporte, comercialización ni exportación.","caso":"Proyecto Minero Crucitas","crs_simplificacion_epsg":5367,"fecha_corte":"2026-08-28","fuente":"© OpenStreetMap contributors","fuente_url":"https://www.openstreetmap.org/copyright","highway":"unclassified","nombre":"Vía OSM 665693592","osm_id":665693592,"surface":null,"tipo":"red_vial_contexto","tolerancia_simplificacion_m":20,"vista":"territorio"},"type":"Feature"},{"geometry":{"coordinates":[[-84.38539,10.88406],[-84.3826,10.88377]],"type":"LineString"},"properties":{"advertencia":"Cartografía vial de contexto; no acredita transporte, comercialización ni exportación.","caso":"Proyecto Minero Crucitas","crs_simplificacion_epsg":5367,"fecha_corte":"2026-08-28","fuente":"© OpenStreetMap contributors","fuente_url":"https://www.openstreetmap.org/copyright","highway":"unclassified","nombre":"Vía OSM 665693593","osm_id":665693593,"surface":null,"tipo":"red_vial_contexto","tolerancia_simplificacion_m":20,"vista":"territorio"},"type":"Feature"},{"geometry":{"coordinates":[[-84.38981,10.89926],[-84.38854,10.89866],[-84.38798,10.89795],[-84.38786,10.89727],[-84.38661,10.89648],[-84.38557,10.89499],[-84.38419,10.89468]],"type":"LineString"},"properties":{"advertencia":"Cartografía vial de contexto; no acredita transporte, comercialización ni exportación.","caso":"Proyecto Minero Crucitas","crs_simplificacion_epsg":5367,"fecha_corte":"2026-08-28","fuente":"© OpenStreetMap contributors","fuente_url":"https://www.openstreetmap.org/copyright","highway":"unclassified","nombre":"Vía OSM 665693594","osm_id":665693594,"surface":null,"tipo":"red_vial_contexto","tolerancia_simplificacion_m":20,"vista":"territorio"},"type":"Feature"},{"geometry":{"coordinates":[[-84.32115,10.86021],[-84.32248,10.86095],[-84.32274,10.8618],[-84.32349,10.86197],[-84.32395,10.86287],[-84.32464,10.86305],[-84.32437,10.86428],[-84.32498,10.8654],[-84.32604,10.86622],[-84.32689,10.86763],[-84.32729,10.86972],[-84.32862,10.87073],[-84.32898,10.87181],[-84.3303,10.87195],[-84.33031,10.87347],[-84.32933,10.87343],[-84.32815,10.87386],[-84.32727,10.87576],[-84.32808,10.87898]],"type":"LineString"},"properties":{"advertencia":"Cartografía vial de contexto; no acredita transporte, comercialización ni exportación.","caso":"Proyecto Minero Crucitas","crs_simplificacion_epsg":5367,"fecha_corte":"2026-08-28","fuente":"© OpenStreetMap contributors","fuente_url":"https://www.openstreetmap.org/copyright","highway":"unclassified","nombre":"Camino Interno Vivoyet","osm_id":674331312,"surface":"unpaved","tipo":"red_vial_contexto","tolerancia_simplificacion_m":20,"vista":"territorio"},"type":"Feature"},{"geometry":{"coordinates":[[-84.33667,10.8779],[-84.33622,10.87873],[-84.33502,10.8782],[-84.33279,10.87622],[-84.33247,10.87537],[-84.33084,10.87449],[-84.33031,10.87347]],"type":"LineString"},"properties":{"advertencia":"Cartografía vial de contexto; no acredita transporte, comercialización ni exportación.","caso":"Proyecto Minero Crucitas","crs_simplificacion_epsg":5367,"fecha_corte":"2026-08-28","fuente":"© OpenStreetMap contributors","fuente_url":"https://www.openstreetmap.org/copyright","highway":"unclassified","nombre":"Camino Portón Rojo","osm_id":795321546,"surface":"ground","tipo":"red_vial_contexto","tolerancia_simplificacion_m":20,"vista":"territorio"},"type":"Feature"},{"geometry":{"coordinates":[[-84.33189,10.87386],[-84.33229,10.87423],[-84.33211,10.87448],[-84.33078,10.8744]],"type":"LineString"},"properties":{"advertencia":"Cartografía vial de contexto; no acredita transporte, comercialización ni exportación.","caso":"Proyecto Minero Crucitas","crs_simplificacion_epsg":5367,"fecha_corte":"2026-08-28","fuente":"© OpenStreetMap contributors","fuente_url":"https://www.openstreetmap.org/copyright","highway":"unclassified","nombre":"Camino al Mirador","osm_id":795321547,"surface":null,"tipo":"red_vial_contexto","tolerancia_simplificacion_m":20,"vista":"territorio"},"type":"Feature"},{"geometry":{"coordinates":[[-84.31003,10.86447],[-84.31001,10.86352],[-84.30827,10.86256],[-84.3069,10.86246],[-84.30596,10.86177],[-84.30511,10.86159],[-84.30216,10.86137],[-84.29955,10.85886],[-84.29806,10.85828],[-84.29801,10.85673],[-84.29694,10.85434],[-84.29612,10.85145]],"type":"LineString"},"properties":{"advertencia":"Cartografía vial de contexto; no acredita transporte, comercialización ni exportación.","caso":"Proyecto Minero Crucitas","crs_simplificacion_epsg":5367,"fecha_corte":"2026-08-28","fuente":"© OpenStreetMap contributors","fuente_url":"https://www.openstreetmap.org/copyright","highway":"unclassified","nombre":"Camino Privado","osm_id":795321549,"surface":null,"tipo":"red_vial_contexto","tolerancia_simplificacion_m":20,"vista":"territorio"},"type":"Feature"},{"geometry":{"coordinates":[[-84.35011,10.827],[-84.34983,10.82584],[-84.35053,10.82528],[-84.35325,10.82674],[-84.35687,10.82732],[-84.35804,10.82849],[-84.3597,10.82921],[-84.36062,10.83042],[-84.3619,10.83087],[-84.36269,10.83231],[-84.36381,10.83303],[-84.36616,10.83385],[-84.3662,10.83554],[-84.36711,10.83695],[-84.37044,10.83824]],"type":"LineString"},"properties":{"advertencia":"Cartografía vial de contexto; no acredita transporte, comercialización ni exportación.","caso":"Proyecto Minero Crucitas","crs_simplificacion_epsg":5367,"fecha_corte":"2026-08-28","fuente":"© OpenStreetMap contributors","fuente_url":"https://www.openstreetmap.org/copyright","highway":"unclassified","nombre":"Vía OSM 1076696822","osm_id":1076696822,"surface":"unpaved","tipo":"red_vial_contexto","tolerancia_simplificacion_m":20,"vista":"territorio"},"type":"Feature"},{"geometry":{"coordinates":[[-84.3551,10.92017],[-84.35453,10.91933],[-84.35384,10.9195],[-84.35297,10.91898],[-84.35262,10.91801],[-84.35155,10.91773],[-84.35094,10.91714],[-84.35012,10.91547],[-84.3492,10.91557],[-84.34828,10.9142],[-84.34698,10.91345],[-84.34652,10.91269],[-84.34588,10.90939],[-84.34334,10.90766],[-84.34173,10.90748],[-84.34097,10.90699]],"type":"LineString"},"properties":{"advertencia":"Cartografía vial de contexto; no acredita transporte, comercialización ni exportación.","caso":"Proyecto Minero Crucitas","crs_simplificacion_epsg":5367,"fecha_corte":"2026-08-28","fuente":"© OpenStreetMap contributors","fuente_url":"https://www.openstreetmap.org/copyright","highway":"unclassified","nombre":"Calle Los Jocotes","osm_id":1078003828,"surface":"unpaved","tipo":"red_vial_contexto","tolerancia_simplificacion_m":20,"vista":"territorio"},"type":"Feature"},{"geometry":{"coordinates":[[-84.37443,10.92377],[-84.3757,10.92517],[-84.37758,10.92627],[-84.37966,10.92823],[-84.38271,10.93257],[-84.38572,10.93574],[-84.38553,10.9363],[-84.38583,10.93917],[-84.38701,10.94022],[-84.38729,10.94134],[-84.38852,10.94241],[-84.38883,10.94339],[-84.38846,10.94424],[-84.38853,10.9449],[-84.38975,10.94565],[-84.39005,10.94645],[-84.38936,10.94713],[-84.38898,10.94839],[-84.38922,10.94892],[-84.39165,10.95077],[-84.39142,10.95279],[-84.39164,10.95384],[-84.39256,10.95458],[-84.39466,10.95507],[-84.39712,10.95507],[-84.39912,10.9518],[-84.40055,10.95113],[-84.40472,10.94724],[-84.40719,10.94646],[-84.41108,10.94662],[-84.41328,10.94369],[-84.41457,10.94291],[-84.41677,10.93838],[-84.42201,10.93354],[-84.42244,10.93249],[-84.42423,10.93245],[-84.4269,10.93173],[-84.42893,10.93022],[-84.42918,10.92969],[-84.42924,10.92486],[-84.42953,10.92409],[-84.43204,10.92329],[-84.43447,10.92311],[-84.43586,10.92253],[-84.43829,10.92291],[-84.43935,10.9234],[-84.44216,10.92831],[-84.44458,10.92904],[-84.44746,10.93104]],"type":"LineString"},"properties":{"advertencia":"Cartografía vial de contexto; no acredita transporte, comercialización ni exportación.","caso":"Proyecto Minero Crucitas","crs_simplificacion_epsg":5367,"fecha_corte":"2026-08-28","fuente":"© OpenStreetMap contributors","fuente_url":"https://www.openstreetmap.org/copyright","highway":"unclassified","nombre":"Calle Pocosol","osm_id":1078004170,"surface":"unpaved","tipo":"red_vial_contexto","tolerancia_simplificacion_m":20,"vista":"territorio"},"type":"Feature"},{"geometry":{"coordinates":[[-84.41491,10.93905],[-84.41206,10.93867],[-84.40869,10.93732],[-84.40688,10.93774],[-84.40557,10.93668],[-84.40416,10.93611],[-84.40318,10.93513],[-84.40092,10.93091],[-84.40216,10.92924],[-84.40214,10.92868],[-84.4007,10.92715],[-84.39864,10.92403],[-84.39544,10.92307],[-84.39212,10.92019],[-84.38969,10.91937],[-84.38772,10.91942],[-84.3861,10.9188],[-84.38374,10.91947],[-84.38194,10.91901],[-84.38127,10.91854],[-84.3802,10.91852],[-84.37947,10.91923],[-84.37793,10.91858]],"type":"LineString"},"properties":{"advertencia":"Cartografía vial de contexto; no acredita transporte, comercialización ni exportación.","caso":"Proyecto Minero Crucitas","crs_simplificacion_epsg":5367,"fecha_corte":"2026-08-28","fuente":"© OpenStreetMap contributors","fuente_url":"https://www.openstreetmap.org/copyright","highway":"unclassified","nombre":"Calle Cruce El Jocote","osm_id":1078017438,"surface":"unpaved","tipo":"red_vial_contexto","tolerancia_simplificacion_m":20,"vista":"territorio"},"type":"Feature"},{"geometry":{"coordinates":[[-84.34484,10.81593],[-84.34355,10.81686],[-84.34289,10.81689],[-84.3423,10.81732],[-84.3389,10.81595],[-84.33836,10.81598],[-84.33805,10.81666],[-84.3367,10.81769],[-84.33668,10.81911],[-84.33757,10.82036],[-84.33754,10.82084],[-84.3367,10.82143],[-84.33499,10.82161],[-84.33444,10.82225],[-84.33284,10.8231],[-84.33189,10.82308],[-84.33044,10.82239],[-84.32574,10.82308],[-84.32376,10.82295],[-84.32259,10.82333]],"type":"LineString"},"properties":{"advertencia":"Cartografía vial de contexto; no acredita transporte, comercialización ni exportación.","caso":"Proyecto Minero Crucitas","crs_simplificacion_epsg":5367,"fecha_corte":"2026-08-28","fuente":"© OpenStreetMap contributors","fuente_url":"https://www.openstreetmap.org/copyright","highway":"unclassified","nombre":"Calle Chamorro","osm_id":1236726738,"surface":null,"tipo":"red_vial_contexto","tolerancia_simplificacion_m":20,"vista":"territorio"},"type":"Feature"},{"geometry":{"coordinates":[[-84.36656,10.89197],[-84.36686,10.89187]],"type":"LineString"},"properties":{"advertencia":"Cartografía vial de contexto; no acredita transporte, comercialización ni exportación.","caso":"Proyecto Minero Crucitas","crs_simplificacion_epsg":5367,"fecha_corte":"2026-08-28","fuente":"© OpenStreetMap contributors","fuente_url":"https://www.openstreetmap.org/copyright","highway":"residential","nombre":"Calle Crucitas","osm_id":1303306719,"surface":null,"tipo":"red_vial_contexto","tolerancia_simplificacion_m":20,"vista":"territorio"},"type":"Feature"},{"geometry":{"coordinates":[[-84.36686,10.89187],[-84.36766,10.89155],[-84.36847,10.89205],[-84.37026,10.89249],[-84.37105,10.89301],[-84.37182,10.89409],[-84.37277,10.89447],[-84.37583,10.89436],[-84.37709,10.89483],[-84.3776,10.89406],[-84.37839,10.89403],[-84.37904,10.8944],[-84.37968,10.89416]],"type":"LineString"},"properties":{"advertencia":"Cartografía vial de contexto; no acredita transporte, comercialización ni exportación.","caso":"Proyecto Minero Crucitas","crs_simplificacion_epsg":5367,"fecha_corte":"2026-08-28","fuente":"© OpenStreetMap contributors","fuente_url":"https://www.openstreetmap.org/copyright","highway":"residential","nombre":"Calle Crucitas","osm_id":1303306720,"surface":null,"tipo":"red_vial_contexto","tolerancia_simplificacion_m":20,"vista":"territorio"},"type":"Feature"},{"geometry":{"coordinates":[[-84.33345,10.8869],[-84.335,10.88584],[-84.33597,10.88426],[-84.33746,10.88337]],"type":"LineString"},"properties":{"advertencia":"Cartografía vial de contexto; no acredita transporte, comercialización ni exportación.","caso":"Proyecto Minero Crucitas","crs_simplificacion_epsg":5367,"fecha_corte":"2026-08-28","fuente":"© OpenStreetMap contributors","fuente_url":"https://www.openstreetmap.org/copyright","highway":"residential","nombre":"Calle Escuela Crucitas","osm_id":1303306721,"surface":null,"tipo":"red_vial_contexto","tolerancia_simplificacion_m":20,"vista":"territorio"},"type":"Feature"},{"geometry":{"coordinates":[[-84.34977,10.84071],[-84.34847,10.8411],[-84.34807,10.84192],[-84.34653,10.84357],[-84.3426,10.85184],[-84.34001,10.85436]],"type":"LineString"},"properties":{"advertencia":"Cartografía vial de contexto; no acredita transporte, comercialización ni exportación.","caso":"Proyecto Minero Crucitas","crs_simplificacion_epsg":5367,"fecha_corte":"2026-08-28","fuente":"© OpenStreetMap contributors","fuente_url":"https://www.openstreetmap.org/copyright","highway":"residential","nombre":"Calle Crucitas","osm_id":1524460504,"surface":null,"tipo":"red_vial_contexto","tolerancia_simplificacion_m":20,"vista":"territorio"},"type":"Feature"},{"geometry":{"coordinates":[[-84.32259,10.82333],[-84.32041,10.8209],[-84.32004,10.82007],[-84.3186,10.81982],[-84.31717,10.82047],[-84.31643,10.82026],[-84.31573,10.81887],[-84.31598,10.8182],[-84.31549,10.81722],[-84.31628,10.81542],[-84.31556,10.81471],[-84.31498,10.81471],[-84.31427,10.81519],[-84.31283,10.81461],[-84.31053,10.81428],[-84.30907,10.81646],[-84.3081,10.81658],[-84.30586,10.81478]],"type":"LineString"},"properties":{"advertencia":"Cartografía vial de contexto; no acredita transporte, comercialización ni exportación.","caso":"Proyecto Minero Crucitas","crs_simplificacion_epsg":5367,"fecha_corte":"2026-08-28","fuente":"© OpenStreetMap contributors","fuente_url":"https://www.openstreetmap.org/copyright","highway":"unclassified","nombre":"Calle Chamorro","osm_id":1524460505,"surface":null,"tipo":"red_vial_contexto","tolerancia_simplificacion_m":20,"vista":"territorio"},"type":"Feature"},{"geometry":{"coordinates":[[-84.30586,10.81478],[-84.30677,10.81388],[-84.30625,10.81344],[-84.30665,10.81266],[-84.30623,10.81243],[-84.30542,10.81087],[-84.30538,10.80921],[-84.30465,10.8086],[-84.30516,10.80738],[-84.30434,10.8062],[-84.30226,10.80453],[-84.30225,10.80397]],"type":"LineString"},"properties":{"advertencia":"Cartografía vial de contexto; no acredita transporte, comercialización ni exportación.","caso":"Proyecto Minero Crucitas","crs_simplificacion_epsg":5367,"fecha_corte":"2026-08-28","fuente":"© OpenStreetMap contributors","fuente_url":"https://www.openstreetmap.org/copyright","highway":"unclassified","nombre":"Vía OSM 1524460506","osm_id":1524460506,"surface":null,"tipo":"red_vial_contexto","tolerancia_simplificacion_m":20,"vista":"territorio"},"type":"Feature"},{"geometry":{"coordinates":[[-84.32776,10.88937],[-84.32793,10.88826],[-84.32724,10.88701],[-84.32691,10.88697]],"type":"LineString"},"properties":{"advertencia":"Cartografía vial de contexto; no acredita transporte, comercialización ni exportación.","caso":"Proyecto Minero Crucitas","crs_simplificacion_epsg":5367,"fecha_corte":"2026-08-28","fuente":"© OpenStreetMap contributors","fuente_url":"https://www.openstreetmap.org/copyright","highway":"unclassified","nombre":"Calle Alfredo Arias","osm_id":1524460507,"surface":null,"tipo":"red_vial_contexto","tolerancia_simplificacion_m":20,"vista":"territorio"},"type":"Feature"},{"geometry":{"coordinates":[[-84.0907,9.9281],[-98.5795,39.8283]],"type":"LineString"},"properties":{"advertencia":"Estadística bilateral agregada. No identifica mina, exportador, puerto, buque, consignatario, refinería ni contenido de oro fino.","anio":2018,"estimado":true,"fuente":"UN Comtrade, importación espejo de Estados Unidos","fuente_url":"https://comtradeapi.un.org/public/v1/preview/C/A/HS?period=2018&reporterCode=842&cmdCode=7108&flowCode=M&partnerCode=188&partner2Code=0&customsCode=C00&motCode=0&maxRecords=500","geometria_representa":"línea diagramática entre centroides nacionales; no representa trayecto físico","nombre":"Flujo espejo agregado HS 7108 · Costa Rica–Estados Unidos, 2018","partida":"HS 7108","peso_neto_kg":275.704,"reportante":"Estados Unidos","socio":"Costa Rica","tipo":"flujo_aduanero_agregado","valor_usd":10935528,"vista":"mundo"},"type":"Feature"},{"geometry":{"coordinates":[[-84.0907,9.9281],[-98.5795,39.8283]],"type":"LineString"},"properties":{"advertencia":"Agregados nacionales anuales. No identifican empresa, mes, puerto, DUA, BOL, buque, origen minero, contenido de oro, recepción ni procesamiento.","anio":2019,"comparador_exportador_peso_estimado":true,"comparador_exportador_peso_kg":15497.567,"comparador_exportador_valor_usd":31875.72,"fuente":"UN Comtrade, importación espejo de Estados Unidos","fuente_url":"https://comtradeapi.un.org/public/v1/preview/C/A/HS?period=2019&reporterCode=842&cmdCode=380210&flowCode=M&partnerCode=188&partner2Code=0&customsCode=C00&motCode=0&maxRecords=500","geometria_representa":"línea diagramática entre centroides nacionales; no representa trayecto físico","nombre":"Flujo espejo agregado HS 380210 · Costa Rica–Estados Unidos, 2019","partida":"HS 380210","peso_neto_kg":8231,"reportante":"Estados Unidos","socio":"Costa Rica","tipo":"flujo_aduanero_agregado","valor_usd":30866,"vista":"mundo"},"type":"Feature"}],"metadatos":{"advertencia":"Cero tramos se rotulan como ruta del oro o cadena hacia una refinería. La vista mundo contiene dos agregados bilaterales anuales; ambas líneas son diagramáticas.","estado_publicacion":"red_vial_de_contexto_y_dos_agregados_aduaneros_nacionales","familia":"rutas","fecha_corte":"2026-08-29","fuentes":[{"archivo":"datos/geo/fuentes/osm-mina-walter.json","fecha":"2026-08-29","licencia_condicion":"ODbL 1.0; © OpenStreetMap contributors","sha256":"49c62c5665cd74470f014b6f233784632ae39258a2b58d0c345bb485714a9a22","tamano_bytes":93392,"url":"https://www.openstreetmap.org/copyright"},{"archivo":"datos/geo/fuentes/osm-agataes.json","fecha":"2026-08-29","licencia_condicion":"ODbL 1.0; © OpenStreetMap contributors","sha256":"3f49c8cb1c665115f5c6b2bc5e591fe894b9c41a94de501bbc23e95b7a2c6dda","tamano_bytes":1341522,"url":"https://www.openstreetmap.org/copyright"},{"archivo":"datos/geo/fuentes/crucitas-osm.json","fecha":"2026-08-29","licencia_condicion":"ODbL 1.0; © OpenStreetMap contributors","sha256":"ef73d3ce884bb1e9bd8993faa848a4f0496b3be3c15a2e1e6e47ac1412674265","tamano_bytes":156406,"url":"https://www.openstreetmap.org/copyright"},{"archivo":"expediente restringido: resultados cuantitativos no redistribuidos","fecha":"2026-08-29","licencia_condicion":"Vías OSM: ODbL 1.0, © OpenStreetMap contributors. Línea diagramática propia: CC BY 4.0. Campos estadísticos: conservan los términos de UN Comtrade","sha256":"50ad12c87b21a7c6ddf0ad5dd4a84228c77ba75c09e8ffa3dbfce7ce730a5895","tamano_bytes":20664,"url":"https://comtradeapi.un.org/public/v1/preview/C/A/HS?period=2018&reporterCode=188&cmdCode=7108&flowCode=X&partnerCode=0&partner2Code=0&customsCode=C00&motCode=0&maxRecords=500"}],"id":"rutas-contexto-osm","simplificacion_m":20},"name":"rutas-contexto-osm","type":"FeatureCollection"}
